channel_name,channel_id,video_id,title,published_at,views,likes,comments,duration_s,duration_min,tags,thumbnail,subscribers,total_views,total_videos,country,joined_date,engagement_rate,like_rate,comment_rate,views_per_sub,days_since_published,views_per_day,duration_bucket,performance_tier,published_year,published_month,published_month_name
MKBHD,UCBJycsmduvYEL83R_U4JriQ,D4QyStJWgCc,Nothing Phone 4A/Pro Review: I Have a Theory,2026-03-19,2143353,66439,2701,724,12.07,5,https://i.ytimg.com/vi/D4QyStJWgCc/hqdefault.jpg,20800000,5315090427,1807,US,2008-03-21,3.23,3.1,0.13,0.103,5,428670.6,Long (10–20 min),Bottom 25%,2026,3,Mar
MKBHD,UCBJycsmduvYEL83R_U4JriQ,DqAKQwagCDg,Xiaomi 17 Ultra - More Camera than Phone!,2026-01-22,3760736,96186,3781,725,12.08,7,https://i.ytimg.com/vi/DqAKQwagCDg/hqdefault.jpg,20800000,5315090427,1807,US,2008-03-21,2.66,2.56,0.1,0.1808,61,61651.4,Long (10–20 min),Mid 50%,2026,1,Jan
MKBHD,UCBJycsmduvYEL83R_U4JriQ,Mb6H7trzMfI,Driving Xiaomi's Electric Car: Are we Cooked?,2025-12-05,9790770,258231,25552,1045,17.42,9,https://i.ytimg.com/vi/Mb6H7trzMfI/hqdefault.jpg,20800000,5315090427,1807,US,2008-03-21,2.9,2.64,0.26,0.4707,109,89823.6,Long (10–20 min),Top 25%,2025,12,Dec
MKBHD,UCBJycsmduvYEL83R_U4JriQ,Uwmp16aSgdk,M4 Macbook Air Review: Too Easy!,2025-03-11,6701480,150542,5465,496,8.27,8,https://i.ytimg.com/vi/Uwmp16aSgdk/hqdefault.jpg,20800000,5315090427,1807,US,2008-03-21,2.33,2.25,0.08,0.3222,378,17728.8,Medium (5–10 min),Top 25%,2025,3,Mar
MKBHD,UCBJycsmduvYEL83R_U4JriQ,UsD87v8F914,Google Pixel 6A Review: Can You Feel It?,2022-07-21,4271066,122132,6490,571,9.52,9,https://i.ytimg.com/vi/UsD87v8F914/hqdefault.jpg,20800000,5315090427,1807,US,2008-03-21,3.01,2.86,0.15,0.2053,1342,3182.6,Medium (5–10 min),Mid 50%,2022,7,Jul
MKBHD,UCBJycsmduvYEL83R_U4JriQ,pSdKnNj7ozk,M2 MacBook Pro: Why Does This Exist?,2022-06-29,3243988,108377,4800,465,7.75,9,https://i.ytimg.com/vi/pSdKnNj7ozk/hqdefault.jpg,20800000,5315090427,1807,US,2008-03-21,3.49,3.34,0.15,0.156,1364,2378.3,Medium (5–10 min),Mid 50%,2022,6,Jun
MKBHD,UCBJycsmduvYEL83R_U4JriQ,BuaKzm7Kq9Q,Blue Bubbles vs Green Bubbles: Explained!,2022-01-24,6398048,245999,23438,1246,20.77,12,https://i.ytimg.com/vi/BuaKzm7Kq9Q/hqdefault.jpg,20800000,5315090427,1807,US,2008-03-21,4.21,3.84,0.37,0.3076,1520,4209.2,Deep Dive (20+ min),Top 25%,2022,1,Jan
MKBHD,UCBJycsmduvYEL83R_U4JriQ,TLQkoZX9Mog,Real Thoughts on Tech Leaks!,2021-09-13,2300614,97850,4765,709,11.82,12,https://i.ytimg.com/vi/TLQkoZX9Mog/hqdefault.jpg,20800000,5315090427,1807,US,2008-03-21,4.46,4.25,0.21,0.1106,1653,1391.8,Long (10–20 min),Mid 50%,2021,9,Sep
MKBHD,UCBJycsmduvYEL83R_U4JriQ,qrzCLgDplTw,iPhone 12 Pro Max Review: The Biggest Ever!,2020-11-09,6265249,179027,12359,609,10.15,9,https://i.ytimg.com/vi/qrzCLgDplTw/hqdefault.jpg,20800000,5315090427,1807,US,2008-03-21,3.05,2.86,0.2,0.3012,1961,3194.9,Long (10–20 min),Top 25%,2020,11,Nov
MKBHD,UCBJycsmduvYEL83R_U4JriQ,pIuSElb3Ous,Razer Phone 2 Impressions!,2018-10-11,2413518,67384,4807,312,5.2,12,https://i.ytimg.com/vi/pIuSElb3Ous/hqdefault.jpg,20800000,5315090427,1807,US,2008-03-21,2.99,2.79,0.2,0.116,2721,887.0,Medium (5–10 min),Mid 50%,2018,10,Oct
MKBHD,UCBJycsmduvYEL83R_U4JriQ,naIaW4pk_-o,Apple Watch Series 4 Review: It's About Time!,2018-09-21,5506607,101083,7379,587,9.78,8,https://i.ytimg.com/vi/naIaW4pk_-o/hqdefault.jpg,20800000,5315090427,1807,US,2008-03-21,1.97,1.84,0.13,0.2647,2741,2009.0,Medium (5–10 min),Mid 50%,2018,9,Sep
MKBHD,UCBJycsmduvYEL83R_U4JriQ,pqQrL1K0Z5g,Talking Tech with Neil deGrasse Tyson!,2018-03-09,2149328,120208,7206,551,9.18,11,https://i.ytimg.com/vi/pqQrL1K0Z5g/hqdefault.jpg,20800000,5315090427,1807,US,2008-03-21,5.93,5.59,0.34,0.1033,2937,731.8,Medium (5–10 min),Bottom 25%,2018,3,Mar
MKBHD,UCBJycsmduvYEL83R_U4JriQ,zulLRv0GFhM,OnePlus X Impressions: Super Budget!,2015-10-29,1337685,33967,3474,204,3.4,9,https://i.ytimg.com/vi/zulLRv0GFhM/hqdefault.jpg,20800000,5315090427,1807,US,2008-03-21,2.8,2.54,0.26,0.0643,3799,352.1,Short (< 5 min),Bottom 25%,2015,10,Oct
MKBHD,UCBJycsmduvYEL83R_U4JriQ,KrxrzzTUPD8,Samsung Galaxy S6 Edge Impressions!,2015-03-01,1707911,28426,2340,266,4.43,19,https://i.ytimg.com/vi/KrxrzzTUPD8/hqdefault.jpg,20800000,5315090427,1807,US,2008-03-21,1.8,1.66,0.14,0.0821,4041,422.6,Short (< 5 min),Bottom 25%,2015,3,Mar
MKBHD,UCBJycsmduvYEL83R_U4JriQ,pwsPZi_JRrA,HTC One M8 Review!,2014-04-09,3721756,50860,6065,938,15.63,17,https://i.ytimg.com/vi/pwsPZi_JRrA/hqdefault.jpg,20800000,5315090427,1807,US,2008-03-21,1.53,1.37,0.16,0.1789,4367,852.2,Long (10–20 min),Mid 50%,2014,4,Apr
MKBHD,UCBJycsmduvYEL83R_U4JriQ,d7n34bkF-Ew,HTC One M8 Dot View Case!,2014-03-26,2168296,33776,2858,235,3.92,17,https://i.ytimg.com/vi/d7n34bkF-Ew/hqdefault.jpg,20800000,5315090427,1807,US,2008-03-21,1.69,1.56,0.13,0.1042,4381,494.9,Short (< 5 min),Mid 50%,2014,3,Mar
Linus Tech Tips,UCXuqSBlHAE6Xw-yeJA0Tunw,Wrgx6STAaWo,Roasting Failed iPod Attempts - feat. DankPods,2026-03-24,234446,15500,1097,1553,25.88,39,https://i.ytimg.com/vi/Wrgx6STAaWo/hqdefault.jpg,16800000,9405597436,7689,CA,2008-11-25,7.08,6.61,0.47,0.014,0,234446.0,Deep Dive (20+ min),Bottom 25%,2026,3,Mar
Linus Tech Tips,UCXuqSBlHAE6Xw-yeJA0Tunw,lSSkQnHWisM,Intel is BACK. THIS IS NOT A DRILL. - Core Ultra 270K Plus & 250K Plus CPU Review,2026-03-23,655907,28703,2398,687,11.45,26,https://i.ytimg.com/vi/lSSkQnHWisM/hqdefault.jpg,16800000,9405597436,7689,CA,2008-11-25,4.74,4.38,0.37,0.039,1,655907.0,Long (10–20 min),Mid 50%,2026,3,Mar
Linus Tech Tips,UCXuqSBlHAE6Xw-yeJA0Tunw,3Qyd0v91VLQ,Do All LTT Writers Think The Same,2026-03-21,651489,30217,2667,1457,24.28,16,https://i.ytimg.com/vi/3Qyd0v91VLQ/hqdefault.jpg,16800000,9405597436,7689,CA,2008-11-25,5.05,4.64,0.41,0.0388,3,217163.0,Deep Dive (20+ min),Mid 50%,2026,3,Mar
Linus Tech Tips,UCXuqSBlHAE6Xw-yeJA0Tunw,4PKfzGPZ2_A,"DLSS 5 Is Great - WAN Show March 20, 2026",2026-03-21,338947,6247,982,16708,278.47,14,https://i.ytimg.com/vi/4PKfzGPZ2_A/hqdefault.jpg,16800000,9405597436,7689,CA,2008-11-25,2.13,1.84,0.29,0.0202,3,112982.3,Deep Dive (20+ min),Bottom 25%,2026,3,Mar
Linus Tech Tips,UCXuqSBlHAE6Xw-yeJA0Tunw,uyOy6Pz4X60,There’s Asbestos in the Tech House,2026-03-18,981721,44989,2840,831,13.85,21,https://i.ytimg.com/vi/uyOy6Pz4X60/hqdefault.jpg,16800000,9405597436,7689,CA,2008-11-25,4.87,4.58,0.29,0.0584,6,163620.2,Long (10–20 min),Mid 50%,2026,3,Mar
Linus Tech Tips,UCXuqSBlHAE6Xw-yeJA0Tunw,yKYPcmR5USk,He 3D Printed a case instead of buying one? - AMD $5000 Ultimate Tech Upgrade,2026-03-16,1001796,76138,1517,1370,22.83,15,https://i.ytimg.com/vi/yKYPcmR5USk/hqdefault.jpg,16800000,9405597436,7689,CA,2008-11-25,7.75,7.6,0.15,0.0596,8,125224.5,Deep Dive (20+ min),Top 25%,2026,3,Mar
Linus Tech Tips,UCXuqSBlHAE6Xw-yeJA0Tunw,DcwPhC8BviA,Costco has the Best PC?,2026-03-15,1669605,29988,381,65,1.08,0,https://i.ytimg.com/vi/DcwPhC8BviA/hqdefault.jpg,16800000,9405597436,7689,CA,2008-11-25,1.82,1.8,0.02,0.0994,9,185511.7,Short (< 5 min),Top 25%,2026,3,Mar
Dave2D,UCVYamHliCI9rw1tHR1xbkfw,V5a6qvETnNg,This Phone Did What Samsung Couldn’t,2026-03-11,1254413,32565,2719,363,6.05,8,https://i.ytimg.com/vi/V5a6qvETnNg/hqdefault.jpg,3690000,851028566,824,CA,2015-01-05,2.81,2.6,0.22,0.3399,13,96493.3,Medium (5–10 min),Top 25%,2026,3,Mar
Dave2D,UCVYamHliCI9rw1tHR1xbkfw,1ThNUvaImnw,MacBook Neo - Only Apple Could Do This,2026-03-04,1233806,35034,5259,400,6.67,9,https://i.ytimg.com/vi/1ThNUvaImnw/hqdefault.jpg,3690000,851028566,824,CA,2015-01-05,3.27,2.84,0.43,0.3344,20,61690.3,Medium (5–10 min),Top 25%,2026,3,Mar
Dave2D,UCVYamHliCI9rw1tHR1xbkfw,nkO3-9DxYhA,This Is How To Do A 5060 Laptop,2026-02-18,296596,10946,760,257,4.28,5,https://i.ytimg.com/vi/nkO3-9DxYhA/hqdefault.jpg,3690000,851028566,824,CA,2015-01-05,3.95,3.69,0.26,0.0804,34,8723.4,Short (< 5 min),Bottom 25%,2026,2,Feb
Dave2D,UCVYamHliCI9rw1tHR1xbkfw,wYp2Yo-7bTg,This Mouse Makes You a Better Gamer.,2026-02-10,850508,27281,2364,487,8.12,9,https://i.ytimg.com/vi/wYp2Yo-7bTg/hqdefault.jpg,3690000,851028566,824,CA,2015-01-05,3.49,3.21,0.28,0.2305,42,20250.2,Medium (5–10 min),Mid 50%,2026,2,Feb
Dave2D,UCVYamHliCI9rw1tHR1xbkfw,fDwt9AiItqU,Windows is Ruining New Laptops.,2026-01-26,1082281,41029,5804,362,6.03,5,https://i.ytimg.com/vi/fDwt9AiItqU/hqdefault.jpg,3690000,851028566,824,CA,2015-01-05,4.33,3.79,0.54,0.2933,57,18987.4,Medium (5–10 min),Top 25%,2026,1,Jan
Dave2D,UCVYamHliCI9rw1tHR1xbkfw,O53kvnY8B2E,I Love How Quiet This Laptop Is,2026-01-07,299498,7945,588,393,6.55,4,https://i.ytimg.com/vi/O53kvnY8B2E/hqdefault.jpg,3690000,851028566,824,CA,2015-01-05,2.85,2.65,0.2,0.0812,76,3940.8,Medium (5–10 min),Bottom 25%,2026,1,Jan
Dave2D,UCVYamHliCI9rw1tHR1xbkfw,CJpprAzGGZM,The New Dell XPS - It's Back and SO MUCH Better!,2026-01-05,736203,19304,1933,442,7.37,10,https://i.ytimg.com/vi/CJpprAzGGZM/hqdefault.jpg,3690000,851028566,824,CA,2015-01-05,2.88,2.62,0.26,0.1995,78,9438.5,Medium (5–10 min),Mid 50%,2026,1,Jan
Dave2D,UCVYamHliCI9rw1tHR1xbkfw,356rZ8IBCps,The New Steam Hardware is AMAZING!!,2025-11-12,1189588,44506,4018,1136,18.93,8,https://i.ytimg.com/vi/356rZ8IBCps/hqdefault.jpg,3690000,851028566,824,CA,2015-01-05,4.08,3.74,0.34,0.3224,132,9012.0,Long (10–20 min),Top 25%,2025,11,Nov
Dave2D,UCVYamHliCI9rw1tHR1xbkfw,76XuLfX1jjw,The Gaming Laptop for Pros,2025-10-29,489343,14020,1228,349,5.82,15,https://i.ytimg.com/vi/76XuLfX1jjw/hqdefault.jpg,3690000,851028566,824,CA,2015-01-05,3.12,2.87,0.25,0.1326,146,3351.7,Medium (5–10 min),Mid 50%,2025,10,Oct
Dave2D,UCVYamHliCI9rw1tHR1xbkfw,mRW_PwNKZ_E,Is Apple Bored of Winning? - M5 MacBook Pro,2025-10-21,911531,25718,1796,383,6.38,12,https://i.ytimg.com/vi/mRW_PwNKZ_E/hqdefault.jpg,3690000,851028566,824,CA,2015-01-05,3.02,2.82,0.2,0.247,154,5919.0,Medium (5–10 min),Top 25%,2025,10,Oct
Dave2D,UCVYamHliCI9rw1tHR1xbkfw,PgFeiwvqS0g,ROG XBOX Ally X Review,2025-10-15,558255,14101,2483,849,14.15,10,https://i.ytimg.com/vi/PgFeiwvqS0g/hqdefault.jpg,3690000,851028566,824,CA,2015-01-05,2.97,2.53,0.44,0.1513,160,3489.1,Long (10–20 min),Mid 50%,2025,10,Oct
Dave2D,UCVYamHliCI9rw1tHR1xbkfw,QrnbKs-enO8,My Biggest Issue With The iPhone Air,2025-09-26,755900,22387,2692,457,7.62,11,https://i.ytimg.com/vi/QrnbKs-enO8/hqdefault.jpg,3690000,851028566,824,CA,2015-01-05,3.32,2.96,0.36,0.2049,179,4222.9,Medium (5–10 min),Mid 50%,2025,9,Sep
Dave2D,UCVYamHliCI9rw1tHR1xbkfw,X763A7yGh5E,iPhone 17 Pro Max Review - Even BETTER Than You Think!,2025-09-17,1315309,30381,2267,589,9.82,2,https://i.ytimg.com/vi/X763A7yGh5E/hqdefault.jpg,3690000,851028566,824,CA,2015-01-05,2.48,2.31,0.17,0.3565,188,6996.3,Medium (5–10 min),Top 25%,2025,9,Sep
Dave2D,UCVYamHliCI9rw1tHR1xbkfw,L2uXAC8vBnU,AirPods Pro 3 Review - Awesome,2025-09-15,703494,23769,2236,592,9.87,7,https://i.ytimg.com/vi/L2uXAC8vBnU/hqdefault.jpg,3690000,851028566,824,CA,2015-01-05,3.7,3.38,0.32,0.1906,190,3702.6,Medium (5–10 min),Mid 50%,2025,9,Sep
Dave2D,UCVYamHliCI9rw1tHR1xbkfw,cw2pmKfHa7o,iPhone 17 / Pro / Air – A BIG Update!!,2025-09-10,716353,19271,1755,708,11.8,2,https://i.ytimg.com/vi/cw2pmKfHa7o/hqdefault.jpg,3690000,851028566,824,CA,2015-01-05,2.94,2.69,0.24,0.1941,195,3673.6,Long (10–20 min),Mid 50%,2025,9,Sep
Dave2D,UCVYamHliCI9rw1tHR1xbkfw,8tUZ1vGed8s,Legion Go 2 - The Growing Problem,2025-09-05,424756,13855,3329,306,5.1,2,https://i.ytimg.com/vi/8tUZ1vGed8s/hqdefault.jpg,3690000,851028566,824,CA,2015-01-05,4.05,3.26,0.78,0.1151,200,2123.8,Medium (5–10 min),Bottom 25%,2025,9,Sep
Dave2D,UCVYamHliCI9rw1tHR1xbkfw,EbWN-UIZXJI,iPhone Video Is Still Better Than Pixel,2025-08-27,417580,17540,1894,356,5.93,8,https://i.ytimg.com/vi/EbWN-UIZXJI/hqdefault.jpg,3690000,851028566,824,CA,2015-01-05,4.65,4.2,0.45,0.1132,209,1998.0,Medium (5–10 min),Bottom 25%,2025,8,Aug
Dave2D,UCVYamHliCI9rw1tHR1xbkfw,0vFErGxD2QY,The WEiRDEST Way to Use a Mac,2025-08-15,431096,23264,1545,254,4.23,7,https://i.ytimg.com/vi/0vFErGxD2QY/hqdefault.jpg,3690000,851028566,824,CA,2015-01-05,5.75,5.4,0.36,0.1168,221,1950.7,Short (< 5 min),Bottom 25%,2025,8,Aug
Dave2D,UCVYamHliCI9rw1tHR1xbkfw,vOhuf18b-g8,Samsung Fold 7 - Why Don't I Love This More??,2025-07-23,558645,14910,2310,434,7.23,8,https://i.ytimg.com/vi/vOhuf18b-g8/hqdefault.jpg,3690000,851028566,824,CA,2015-01-05,3.08,2.67,0.41,0.1514,244,2289.5,Medium (5–10 min),Mid 50%,2025,7,Jul
Dave2D,UCVYamHliCI9rw1tHR1xbkfw,I9p6XfEZcQM,Nothing Headphone (1) - Looks Can Be Deceiving…,2025-07-01,295497,10215,964,560,9.33,2,https://i.ytimg.com/vi/I9p6XfEZcQM/hqdefault.jpg,3690000,851028566,824,CA,2015-01-05,3.78,3.46,0.33,0.0801,266,1110.9,Medium (5–10 min),Bottom 25%,2025,7,Jul
Dave2D,UCVYamHliCI9rw1tHR1xbkfw,N5zQTUhfuLU,"Lenovo Legion 5 (2025) - Thinner, Lighter, Better",2025-06-28,653170,14471,1005,399,6.65,7,https://i.ytimg.com/vi/N5zQTUhfuLU/hqdefault.jpg,3690000,851028566,824,CA,2015-01-05,2.37,2.22,0.15,0.177,269,2428.1,Medium (5–10 min),Mid 50%,2025,6,Jun
Dave2D,UCVYamHliCI9rw1tHR1xbkfw,Pp3fbZZOlcs,This is the FIRST Xbox Handheld!,2025-06-08,512421,15085,1958,520,8.67,11,https://i.ytimg.com/vi/Pp3fbZZOlcs/hqdefault.jpg,3690000,851028566,824,CA,2015-01-05,3.33,2.94,0.38,0.1389,289,1773.1,Medium (5–10 min),Mid 50%,2025,6,Jun
Dave2D,UCVYamHliCI9rw1tHR1xbkfw,lY90JsFEbhs,Samsung Galaxy S25 Edge - First Impressions,2025-05-13,372724,10697,1148,383,6.38,5,https://i.ytimg.com/vi/lY90JsFEbhs/hqdefault.jpg,3690000,851028566,824,CA,2015-01-05,3.18,2.87,0.31,0.101,315,1183.3,Medium (5–10 min),Bottom 25%,2025,5,May
Dave2D,UCVYamHliCI9rw1tHR1xbkfw,l8WV7DdeNIQ,5070 Ti Laptops are Hiding A Secret.,2025-05-10,311911,9894,571,349,5.82,8,https://i.ytimg.com/vi/l8WV7DdeNIQ/hqdefault.jpg,3690000,851028566,824,CA,2015-01-05,3.36,3.17,0.18,0.0845,318,980.9,Medium (5–10 min),Bottom 25%,2025,5,May
Dave2D,UCVYamHliCI9rw1tHR1xbkfw,Bu1CC9ws0iQ,HP OMEN MAX 16 - Their Best Gaming Laptop.,2025-04-09,262864,7729,736,258,4.3,9,https://i.ytimg.com/vi/Bu1CC9ws0iQ/hqdefault.jpg,3690000,851028566,824,CA,2015-01-05,3.22,2.94,0.28,0.0712,349,753.2,Short (< 5 min),Bottom 25%,2025,4,Apr
Dave2D,UCVYamHliCI9rw1tHR1xbkfw,zBk8kAqPzMo,We Need To Talk about Nvidia - RTX 5090 Laptops,2025-03-27,626753,19243,1236,370,6.17,2,https://i.ytimg.com/vi/zBk8kAqPzMo/hqdefault.jpg,3690000,851028566,824,CA,2015-01-05,3.27,3.07,0.2,0.1699,362,1731.4,Medium (5–10 min),Mid 50%,2025,3,Mar
Dave2D,UCVYamHliCI9rw1tHR1xbkfw,J4qwuCXyAcU,M3 Ultra Mac Studio Review,2025-03-11,529748,15996,1024,367,6.12,5,https://i.ytimg.com/vi/J4qwuCXyAcU/hqdefault.jpg,3690000,851028566,824,CA,2015-01-05,3.21,3.02,0.19,0.1436,378,1401.4,Medium (5–10 min),Mid 50%,2025,3,Mar
Dave2D,UCVYamHliCI9rw1tHR1xbkfw,w-WhZT02ubg,iPhone 16e Review - E is for Expensive,2025-02-27,521223,16371,2271,663,11.05,2,https://i.ytimg.com/vi/w-WhZT02ubg/hqdefault.jpg,3690000,851028566,824,CA,2015-01-05,3.58,3.14,0.44,0.1413,390,1336.5,Long (10–20 min),Mid 50%,2025,2,Feb
Dave2D,UCVYamHliCI9rw1tHR1xbkfw,931n_5Usfiw,PowerBeats Pro 2 Review - Underwhelming,2025-02-11,272162,8754,1017,491,8.18,2,https://i.ytimg.com/vi/931n_5Usfiw/hqdefault.jpg,3690000,851028566,824,CA,2015-01-05,3.59,3.22,0.37,0.0738,406,670.3,Medium (5–10 min),Bottom 25%,2025,2,Feb
Dave2D,UCVYamHliCI9rw1tHR1xbkfw,kE6nw47Q80E,Samsung Galaxy S25 Ultra Unboxing + Impressions!,2025-01-22,987685,24506,2793,595,9.92,2,https://i.ytimg.com/vi/kE6nw47Q80E/hqdefault.jpg,3690000,851028566,824,CA,2015-01-05,2.76,2.48,0.28,0.2677,426,2318.5,Medium (5–10 min),Top 25%,2025,1,Jan
Dave2D,UCVYamHliCI9rw1tHR1xbkfw,8njaN9ZaSdA,RTX 5090 Laptops - I Noticed Something...,2025-01-21,594221,19375,1184,331,5.52,7,https://i.ytimg.com/vi/8njaN9ZaSdA/hqdefault.jpg,3690000,851028566,824,CA,2015-01-05,3.46,3.26,0.2,0.161,427,1391.6,Medium (5–10 min),Mid 50%,2025,1,Jan
Dave2D,UCVYamHliCI9rw1tHR1xbkfw,NFvOMwfRkaM,Dave2D - 10 Years on YouTube,2025-01-18,301787,36571,2801,249,4.15,2,https://i.ytimg.com/vi/NFvOMwfRkaM/hqdefault.jpg,3690000,851028566,824,CA,2015-01-05,13.05,12.12,0.93,0.0818,430,701.8,Short (< 5 min),Bottom 25%,2025,1,Jan
Dave2D,UCVYamHliCI9rw1tHR1xbkfw,BFAkZJsZn6k,Legion Go S - This Is BUILT For Steam!,2025-01-07,510998,16219,1478,381,6.35,2,https://i.ytimg.com/vi/BFAkZJsZn6k/hqdefault.jpg,3690000,851028566,824,CA,2015-01-05,3.46,3.17,0.29,0.1385,441,1158.7,Medium (5–10 min),Mid 50%,2025,1,Jan
Dave2D,UCVYamHliCI9rw1tHR1xbkfw,Iq1JeXKYg5k,RTX 5090 Laptops Are Here!,2025-01-07,903531,25463,1638,403,6.72,13,https://i.ytimg.com/vi/Iq1JeXKYg5k/hqdefault.jpg,3690000,851028566,824,CA,2015-01-05,3.0,2.82,0.18,0.2449,441,2048.8,Medium (5–10 min),Mid 50%,2025,1,Jan
Dave2D,UCVYamHliCI9rw1tHR1xbkfw,nZlhI-L_Egk,The NEW Intel Gaming System,2024-12-26,470568,13431,1364,379,6.32,2,https://i.ytimg.com/vi/nZlhI-L_Egk/hqdefault.jpg,3690000,851028566,824,CA,2015-01-05,3.14,2.85,0.29,0.1275,453,1038.8,Medium (5–10 min),Mid 50%,2024,12,Dec
Dave2D,UCVYamHliCI9rw1tHR1xbkfw,7qoUAP0BYi0,OnePlus 13 + ROG Phone 9 Pro - CRAZY Battery Life!,2024-11-19,477848,16551,1054,331,5.52,7,https://i.ytimg.com/vi/7qoUAP0BYi0/hqdefault.jpg,3690000,851028566,824,CA,2015-01-05,3.68,3.46,0.22,0.1295,490,975.2,Medium (5–10 min),Mid 50%,2024,11,Nov
Dave2D,UCVYamHliCI9rw1tHR1xbkfw,b4x8boB2KdI,M4 MacBook Pro Review - Things to Know,2024-11-07,1062741,25028,827,361,6.02,13,https://i.ytimg.com/vi/b4x8boB2KdI/hqdefault.jpg,3690000,851028566,824,CA,2015-01-05,2.43,2.36,0.08,0.288,502,2117.0,Medium (5–10 min),Top 25%,2024,11,Nov
Dave2D,UCVYamHliCI9rw1tHR1xbkfw,1rJa-0YOkwk,"The Tiny Apple ""Phone""",2024-11-02,570939,17441,985,373,6.22,7,https://i.ytimg.com/vi/1rJa-0YOkwk/hqdefault.jpg,3690000,851028566,824,CA,2015-01-05,3.23,3.05,0.17,0.1547,507,1126.1,Medium (5–10 min),Mid 50%,2024,11,Nov
Dave2D,UCVYamHliCI9rw1tHR1xbkfw,tYJWcs-qnAc,"My iPhone 16 / Pro / Max ""Review""",2024-09-18,1379411,27827,2637,776,12.93,2,https://i.ytimg.com/vi/tYJWcs-qnAc/hqdefault.jpg,3690000,851028566,824,CA,2015-01-05,2.21,2.02,0.19,0.3738,552,2498.9,Long (10–20 min),Top 25%,2024,9,Sep
Dave2D,UCVYamHliCI9rw1tHR1xbkfw,1OHZTFseggA,Apple Watch Series 10 + NEW Ultra Review,2024-09-17,425351,11540,794,652,10.87,2,https://i.ytimg.com/vi/1OHZTFseggA/hqdefault.jpg,3690000,851028566,824,CA,2015-01-05,2.9,2.71,0.19,0.1153,553,769.2,Long (10–20 min),Bottom 25%,2024,9,Sep
Dave2D,UCVYamHliCI9rw1tHR1xbkfw,jGpdK_dxtlA,AirPods 4 Review - SO GOOD!,2024-09-16,954710,21078,1225,661,11.02,2,https://i.ytimg.com/vi/jGpdK_dxtlA/hqdefault.jpg,3690000,851028566,824,CA,2015-01-05,2.34,2.21,0.13,0.2587,554,1723.3,Long (10–20 min),Top 25%,2024,9,Sep
Dave2D,UCVYamHliCI9rw1tHR1xbkfw,dTYDnz5jD1g,Apple iPhone 16 Pro Max - Early Impressions,2024-09-10,707215,19448,2711,807,13.45,6,https://i.ytimg.com/vi/dTYDnz5jD1g/hqdefault.jpg,3690000,851028566,824,CA,2015-01-05,3.13,2.75,0.38,0.1917,560,1262.9,Long (10–20 min),Mid 50%,2024,9,Sep
Dave2D,UCVYamHliCI9rw1tHR1xbkfw,STpFf-cdCSM,The Laptop with The LONGEST Battery,2024-09-05,645528,17749,1678,481,8.02,2,https://i.ytimg.com/vi/STpFf-cdCSM/hqdefault.jpg,3690000,851028566,824,CA,2015-01-05,3.01,2.75,0.26,0.1749,565,1142.5,Medium (5–10 min),Mid 50%,2024,9,Sep
Dave2D,UCVYamHliCI9rw1tHR1xbkfw,G9JRFclaYD0,The Laptop I've ALWAYS Wanted!,2024-07-28,1688062,31670,1664,643,10.72,2,https://i.ytimg.com/vi/G9JRFclaYD0/hqdefault.jpg,3690000,851028566,824,CA,2015-01-05,1.97,1.88,0.1,0.4575,604,2794.8,Long (10–20 min),Top 25%,2024,7,Jul
Dave2D,UCVYamHliCI9rw1tHR1xbkfw,e6fcddX1GFQ,Samsung Fold 6 and Flip 6 - The Good and The Bad,2024-07-10,597794,14233,1361,548,9.13,7,https://i.ytimg.com/vi/e6fcddX1GFQ/hqdefault.jpg,3690000,851028566,824,CA,2015-01-05,2.61,2.38,0.23,0.162,622,961.1,Medium (5–10 min),Mid 50%,2024,7,Jul
Dave2D,UCVYamHliCI9rw1tHR1xbkfw,HwaIuAwHxRk,The Most Interesting $200 Phone,2024-07-08,448532,16434,1303,333,5.55,8,https://i.ytimg.com/vi/HwaIuAwHxRk/hqdefault.jpg,3690000,851028566,824,CA,2015-01-05,3.95,3.66,0.29,0.1216,624,718.8,Medium (5–10 min),Mid 50%,2024,7,Jul
Dave2D,UCVYamHliCI9rw1tHR1xbkfw,gxc5kvzoddE,MacBooks FINALLY Have Competition,2024-06-20,1182378,32097,2431,433,7.22,13,https://i.ytimg.com/vi/gxc5kvzoddE/hqdefault.jpg,3690000,851028566,824,CA,2015-01-05,2.92,2.71,0.21,0.3204,642,1841.7,Medium (5–10 min),Top 25%,2024,6,Jun
Dave2D,UCVYamHliCI9rw1tHR1xbkfw,cy9b2v8Rhvs,Only Apple Could Do This.,2024-06-12,983980,26492,1929,609,10.15,7,https://i.ytimg.com/vi/cy9b2v8Rhvs/hqdefault.jpg,3690000,851028566,824,CA,2015-01-05,2.89,2.69,0.2,0.2667,650,1513.8,Long (10–20 min),Top 25%,2024,6,Jun
Dave2D,UCVYamHliCI9rw1tHR1xbkfw,b6ymEz1PmBc,ROG ALLY X - We Gotta Talk.,2024-06-02,615738,18081,1789,709,11.82,10,https://i.ytimg.com/vi/b6ymEz1PmBc/hqdefault.jpg,3690000,851028566,824,CA,2015-01-05,3.23,2.94,0.29,0.1669,660,932.9,Long (10–20 min),Mid 50%,2024,6,Jun
Dave2D,UCVYamHliCI9rw1tHR1xbkfw,DVfB_0s470I,Keyboards Should Have Been Like This,2024-05-30,428981,16061,1179,481,8.02,5,https://i.ytimg.com/vi/DVfB_0s470I/hqdefault.jpg,3690000,851028566,824,CA,2015-01-05,4.02,3.74,0.27,0.1163,663,647.0,Medium (5–10 min),Bottom 25%,2024,5,May
JerryRigEverything,UCWFKCr40YwOZQx8FHU_ZqqQ,Byy98Udin84,I CAN'T BELIVE IT COST SO MUCH,2026-03-22,83679,3409,111,96,1.6,6,https://i.ytimg.com/vi/Byy98Udin84/hqdefault.jpg,9910000,2869035212,1515,US,2012-07-23,4.21,4.07,0.13,0.0084,2,41839.5,Short (< 5 min),Bottom 25%,2026,3,Mar
JerryRigEverything,UCWFKCr40YwOZQx8FHU_ZqqQ,n0aA3azdHcM,Don't tell anyone I told you,2026-03-21,222374,6875,126,85,1.42,6,https://i.ytimg.com/vi/n0aA3azdHcM/hqdefault.jpg,9910000,2869035212,1515,US,2012-07-23,3.15,3.09,0.06,0.0224,3,74124.7,Short (< 5 min),Bottom 25%,2026,3,Mar
JerryRigEverything,UCWFKCr40YwOZQx8FHU_ZqqQ,TyoN-locTmU,HOW TO CUT REAL SAPPHIRE,2026-03-20,277447,9175,152,175,2.92,6,https://i.ytimg.com/vi/TyoN-locTmU/hqdefault.jpg,9910000,2869035212,1515,US,2012-07-23,3.36,3.31,0.05,0.028,4,69361.8,Short (< 5 min),Bottom 25%,2026,3,Mar
JerryRigEverything,UCWFKCr40YwOZQx8FHU_ZqqQ,NueC1gwGQHs,The TRUTH about Apples new MacBook Neo,2026-03-17,1186105,41966,2370,555,9.25,13,https://i.ytimg.com/vi/NueC1gwGQHs/hqdefault.jpg,9910000,2869035212,1515,US,2012-07-23,3.74,3.54,0.2,0.1197,7,169443.6,Medium (5–10 min),Mid 50%,2026,3,Mar
JerryRigEverything,UCWFKCr40YwOZQx8FHU_ZqqQ,TP88uN7pvbU,This Solar Battery Runs on Gasoline - (Not Clickbait),2026-03-08,389693,15860,849,861,14.35,11,https://i.ytimg.com/vi/TP88uN7pvbU/hqdefault.jpg,9910000,2869035212,1515,US,2012-07-23,4.29,4.07,0.22,0.0393,16,24355.8,Long (10–20 min),Bottom 25%,2026,3,Mar
JerryRigEverything,UCWFKCr40YwOZQx8FHU_ZqqQ,at1HS1CNhe4,Rivian's cheap new SUV has one little problem...,2026-02-10,705649,22880,2360,527,8.78,11,https://i.ytimg.com/vi/at1HS1CNhe4/hqdefault.jpg,9910000,2869035212,1515,US,2012-07-23,3.58,3.24,0.33,0.0712,42,16801.2,Medium (5–10 min),Bottom 25%,2026,2,Feb
JerryRigEverything,UCWFKCr40YwOZQx8FHU_ZqqQ,mmRqMuMx5VE,I BROKE MY PHONE -- KARMA IS REAL,2025-12-07,928328,40080,2920,470,7.83,9,https://i.ytimg.com/vi/mmRqMuMx5VE/hqdefault.jpg,9910000,2869035212,1515,US,2012-07-23,4.63,4.32,0.31,0.0937,107,8676.0,Medium (5–10 min),Mid 50%,2025,12,Dec
JerryRigEverything,UCWFKCr40YwOZQx8FHU_ZqqQ,6vmTf1PEcF8,HE DESERVES EVERY DOLLAR,2025-11-30,539133,23020,876,461,7.68,8,https://i.ytimg.com/vi/6vmTf1PEcF8/hqdefault.jpg,9910000,2869035212,1515,US,2012-07-23,4.43,4.27,0.16,0.0544,114,4729.2,Medium (5–10 min),Bottom 25%,2025,11,Nov
JerryRigEverything,UCWFKCr40YwOZQx8FHU_ZqqQ,h_HsVVged34,The iPhone Air Battery removal is crazy,2025-10-18,479272,11268,221,71,1.18,4,https://i.ytimg.com/vi/h_HsVVged34/hqdefault.jpg,9910000,2869035212,1515,US,2012-07-23,2.4,2.35,0.05,0.0484,157,3052.7,Short (< 5 min),Bottom 25%,2025,10,Oct
JerryRigEverything,UCWFKCr40YwOZQx8FHU_ZqqQ,8uS90jakOuw,MY PIXEL 10 PRO FOLD EXPLODED -- CAUGHT LIVE ON CAMERA!,2025-10-14,3675217,189957,13034,628,10.47,5,https://i.ytimg.com/vi/8uS90jakOuw/hqdefault.jpg,9910000,2869035212,1515,US,2012-07-23,5.52,5.17,0.35,0.3709,161,22827.4,Long (10–20 min),Top 25%,2025,10,Oct
JerryRigEverything,UCWFKCr40YwOZQx8FHU_ZqqQ,4-S0qoiBjJQ,How to Build a Rivian -- Worlds Fastest Truck!,2025-10-05,843493,24777,1007,638,10.63,13,https://i.ytimg.com/vi/4-S0qoiBjJQ/hqdefault.jpg,9910000,2869035212,1515,US,2012-07-23,3.06,2.94,0.12,0.0851,170,4961.7,Long (10–20 min),Mid 50%,2025,10,Oct
JerryRigEverything,UCWFKCr40YwOZQx8FHU_ZqqQ,7eDcvSfk7BQ,iPhone Air Teardown -- I have no words,2025-09-28,2611897,70172,1834,646,10.77,9,https://i.ytimg.com/vi/7eDcvSfk7BQ/hqdefault.jpg,9910000,2869035212,1515,US,2012-07-23,2.76,2.69,0.07,0.2636,177,14756.5,Long (10–20 min),Top 25%,2025,9,Sep
JerryRigEverything,UCWFKCr40YwOZQx8FHU_ZqqQ,ft4iUfy7RwA,Nintendo Switch 2 Durability Test! - Can the Joycons Survive?,2025-06-05,2182517,78594,4849,690,11.5,11,https://i.ytimg.com/vi/ft4iUfy7RwA/hqdefault.jpg,9910000,2869035212,1515,US,2012-07-23,3.82,3.6,0.22,0.2202,292,7474.4,Long (10–20 min),Mid 50%,2025,6,Jun
JerryRigEverything,UCWFKCr40YwOZQx8FHU_ZqqQ,yQHFCpO6gHE,"""Thinnest Samsung Ever"" - WHAT COULD POSSIBLY GO WRONG?!",2025-05-31,1903611,66577,3432,502,8.37,8,https://i.ytimg.com/vi/yQHFCpO6gHE/hqdefault.jpg,9910000,2869035212,1515,US,2012-07-23,3.68,3.5,0.18,0.1921,297,6409.5,Medium (5–10 min),Mid 50%,2025,5,May
JerryRigEverything,UCWFKCr40YwOZQx8FHU_ZqqQ,TKlIZTmmmng,They built this Phone for the Apocalypse,2025-04-17,3030981,78286,4535,705,11.75,14,https://i.ytimg.com/vi/TKlIZTmmmng/hqdefault.jpg,9910000,2869035212,1515,US,2012-07-23,2.73,2.58,0.15,0.3059,341,8888.5,Long (10–20 min),Top 25%,2025,4,Apr
JerryRigEverything,UCWFKCr40YwOZQx8FHU_ZqqQ,3DoHOjfRtkM,I hate it when this happens...,2025-03-26,6270336,227133,2923,98,1.63,10,https://i.ytimg.com/vi/3DoHOjfRtkM/hqdefault.jpg,9910000,2869035212,1515,US,2012-07-23,3.67,3.62,0.05,0.6327,363,17273.7,Short (< 5 min),Top 25%,2025,3,Mar
JerryRigEverything,UCWFKCr40YwOZQx8FHU_ZqqQ,dBdr4UkD9TY,Nothing (3a) Pro Durability Test - I know the Secret...,2025-03-04,1476358,48952,33812,609,10.15,10,https://i.ytimg.com/vi/dBdr4UkD9TY/hqdefault.jpg,9910000,2869035212,1515,US,2012-07-23,5.61,3.32,2.29,0.149,385,3834.7,Long (10–20 min),Mid 50%,2025,3,Mar
JerryRigEverything,UCWFKCr40YwOZQx8FHU_ZqqQ,LggCBrh5tDE,"Samsung is holding back, and I have proof! - Galaxy S25 Ultra Teardown",2025-02-04,2726733,76420,4495,531,8.85,11,https://i.ytimg.com/vi/LggCBrh5tDE/hqdefault.jpg,9910000,2869035212,1515,US,2012-07-23,2.97,2.8,0.16,0.2751,413,6602.3,Medium (5–10 min),Top 25%,2025,2,Feb
JerryRigEverything,UCWFKCr40YwOZQx8FHU_ZqqQ,6o5RprIJmfA,How to Make a Real Diamond - (Not Clickbait),2024-12-20,10983422,159483,5593,531,8.85,13,https://i.ytimg.com/vi/6o5RprIJmfA/hqdefault.jpg,9910000,2869035212,1515,US,2012-07-23,1.5,1.45,0.05,1.1083,459,23929.0,Medium (5–10 min),Top 25%,2024,12,Dec
JerryRigEverything,UCWFKCr40YwOZQx8FHU_ZqqQ,LVwD_4WJS8c,The Truth about Apple's Nano Etched Glass - (M4 iPad Pro),2024-05-30,1536376,47724,1855,545,9.08,14,https://i.ytimg.com/vi/LVwD_4WJS8c/hqdefault.jpg,9910000,2869035212,1515,US,2012-07-23,3.23,3.11,0.12,0.155,663,2317.3,Medium (5–10 min),Mid 50%,2024,5,May
JerryRigEverything,UCWFKCr40YwOZQx8FHU_ZqqQ,VLV-4HMrAz0,Is the Cybertruck *ACTUALLY* bulletproof?!  (vs .50 cal rifle),2024-03-08,13416745,248892,12306,821,13.68,11,https://i.ytimg.com/vi/VLV-4HMrAz0/hqdefault.jpg,9910000,2869035212,1515,US,2012-07-23,1.95,1.86,0.09,1.3539,746,17984.9,Long (10–20 min),Top 25%,2024,3,Mar
JerryRigEverything,UCWFKCr40YwOZQx8FHU_ZqqQ,9fXLozMHuX0,Charging a Ford EV at a Tesla Supercharger is.... Mostly Easy.,2024-03-01,889219,21112,1409,366,6.1,7,https://i.ytimg.com/vi/9fXLozMHuX0/hqdefault.jpg,9910000,2869035212,1515,US,2012-07-23,2.53,2.37,0.16,0.0897,753,1180.9,Medium (5–10 min),Mid 50%,2024,3,Mar
JerryRigEverything,UCWFKCr40YwOZQx8FHU_ZqqQ,bga930EaMMk,How much 'Titanium' is Samsung *actually* using? - NO SECRETS HERE!,2024-02-04,3771605,99321,3795,695,11.58,14,https://i.ytimg.com/vi/bga930EaMMk/hqdefault.jpg,9910000,2869035212,1515,US,2012-07-23,2.73,2.63,0.1,0.3806,779,4841.6,Long (10–20 min),Top 25%,2024,2,Feb
JerryRigEverything,UCWFKCr40YwOZQx8FHU_ZqqQ,JcKq6neGxXk,Off Grid Stackable Solar Battery - So easy its *Almost* Cheating... (Ecoflow Delta Pro Ultra),2024-01-08,873739,30682,980,449,7.48,21,https://i.ytimg.com/vi/JcKq6neGxXk/hqdefault.jpg,9910000,2869035212,1515,US,2012-07-23,3.62,3.51,0.11,0.0882,806,1084.0,Medium (5–10 min),Mid 50%,2024,1,Jan
JerryRigEverything,UCWFKCr40YwOZQx8FHU_ZqqQ,hIQGsHhOWNE,OnePlus just beat Apple at their own game... (TITANIUM TEARDOWN),2023-12-12,1305189,41746,1171,616,10.27,14,https://i.ytimg.com/vi/hIQGsHhOWNE/hqdefault.jpg,9910000,2869035212,1515,US,2012-07-23,3.29,3.2,0.09,0.1317,833,1566.9,Long (10–20 min),Mid 50%,2023,12,Dec
JerryRigEverything,UCWFKCr40YwOZQx8FHU_ZqqQ,0poyvpB7Fkw,Google Pixel 8 Pro Thermometer Teardown - (Google Watches my Videos...),2023-11-12,996881,36505,976,535,8.92,12,https://i.ytimg.com/vi/0poyvpB7Fkw/hqdefault.jpg,9910000,2869035212,1515,US,2012-07-23,3.76,3.66,0.1,0.1006,863,1155.1,Medium (5–10 min),Mid 50%,2023,11,Nov
JerryRigEverything,UCWFKCr40YwOZQx8FHU_ZqqQ,jDdDnFmXcME,iPhone 15 Durability Test - is Aluminum better than Titanium?!,2023-09-27,4775425,119447,5072,453,7.55,14,https://i.ytimg.com/vi/jDdDnFmXcME/hqdefault.jpg,9910000,2869035212,1515,US,2012-07-23,2.61,2.5,0.11,0.4819,909,5253.5,Medium (5–10 min),Top 25%,2023,9,Sep
JerryRigEverything,UCWFKCr40YwOZQx8FHU_ZqqQ,7O_IGGS87ko,Nothing Phone 2 TEARDOWN - The LEDs aren't what they seem...,2023-07-13,2041836,61647,1346,387,6.45,10,https://i.ytimg.com/vi/7O_IGGS87ko/hqdefault.jpg,9910000,2869035212,1515,US,2012-07-23,3.09,3.02,0.07,0.206,985,2072.9,Medium (5–10 min),Mid 50%,2023,7,Jul
JerryRigEverything,UCWFKCr40YwOZQx8FHU_ZqqQ,lcWhbjA0zpA,"The truth about Dyson ""Air Purifying"" Headphones... (vs Tesla Model X)",2023-05-26,392493,14125,842,391,6.52,12,https://i.ytimg.com/vi/lcWhbjA0zpA/hqdefault.jpg,9910000,2869035212,1515,US,2012-07-23,3.81,3.6,0.21,0.0396,1033,380.0,Medium (5–10 min),Bottom 25%,2023,5,May
JerryRigEverything,UCWFKCr40YwOZQx8FHU_ZqqQ,8gM4x12RSzE,The Smart Glasses of the Future are here! - (Teardown),2023-03-15,584208,30271,27069,408,6.8,13,https://i.ytimg.com/vi/8gM4x12RSzE/hqdefault.jpg,9910000,2869035212,1515,US,2012-07-23,9.81,5.18,4.63,0.059,1105,528.7,Medium (5–10 min),Bottom 25%,2023,3,Mar
JerryRigEverything,UCWFKCr40YwOZQx8FHU_ZqqQ,EP8BFkZfWIY,Is Nothing hiding Something under the Glass?! - Teardown!,2022-08-12,1803974,134907,2659,587,9.78,20,https://i.ytimg.com/vi/EP8BFkZfWIY/hqdefault.jpg,9910000,2869035212,1515,US,2012-07-23,7.63,7.48,0.15,0.182,1320,1366.6,Medium (5–10 min),Mid 50%,2022,8,Aug
JerryRigEverything,UCWFKCr40YwOZQx8FHU_ZqqQ,nihmzNCNcbo,Worlds Largest Smartphone Camera? - Durability Test!,2022-07-23,812073,31971,1746,493,8.22,15,https://i.ytimg.com/vi/nihmzNCNcbo/hqdefault.jpg,9910000,2869035212,1515,US,2012-07-23,4.15,3.94,0.22,0.0819,1340,606.0,Medium (5–10 min),Mid 50%,2022,7,Jul
JerryRigEverything,UCWFKCr40YwOZQx8FHU_ZqqQ,e9KyEgw4PKQ,Xiaomi 12 Pro vs OnePlus 10 Pro - Durability Test!,2022-04-30,1265974,46972,1715,513,8.55,13,https://i.ytimg.com/vi/e9KyEgw4PKQ/hqdefault.jpg,9910000,2869035212,1515,US,2012-07-23,3.85,3.71,0.14,0.1277,1424,889.0,Medium (5–10 min),Mid 50%,2022,4,Apr
JerryRigEverything,UCWFKCr40YwOZQx8FHU_ZqqQ,2Nt3J4ZvkbM,Does the Oppo Find N *REALLY* have a 136 part Hinge? - Teardown!,2022-01-27,763649,33718,1394,730,12.17,20,https://i.ytimg.com/vi/2Nt3J4ZvkbM/hqdefault.jpg,9910000,2869035212,1515,US,2012-07-23,4.6,4.42,0.18,0.0771,1517,503.4,Long (10–20 min),Mid 50%,2022,1,Jan
JerryRigEverything,UCWFKCr40YwOZQx8FHU_ZqqQ,yS_jxAIPCPw,Building the Brains of the HIGH VOLTAGE System - IT MOVES!!,2021-12-31,1932663,74527,3786,1991,33.18,18,https://i.ytimg.com/vi/yS_jxAIPCPw/hqdefault.jpg,9910000,2869035212,1515,US,2012-07-23,4.05,3.86,0.2,0.195,1544,1251.7,Deep Dive (20+ min),Mid 50%,2021,12,Dec
JerryRigEverything,UCWFKCr40YwOZQx8FHU_ZqqQ,jHwEkX9fFaA,Is the new OLED Nintendo Switch made from METAL?! - Durability Test!,2021-10-22,2276275,74628,6845,648,10.8,17,https://i.ytimg.com/vi/jHwEkX9fFaA/hqdefault.jpg,9910000,2869035212,1515,US,2012-07-23,3.58,3.28,0.3,0.2297,1614,1410.3,Long (10–20 min),Mid 50%,2021,10,Oct
JerryRigEverything,UCWFKCr40YwOZQx8FHU_ZqqQ,Q49htudxPl4,Red Magic 6 Teardown! - I made a mistake....,2021-07-08,786582,39076,1532,511,8.52,16,https://i.ytimg.com/vi/Q49htudxPl4/hqdefault.jpg,9910000,2869035212,1515,US,2012-07-23,5.16,4.97,0.19,0.0794,1720,457.3,Medium (5–10 min),Mid 50%,2021,7,Jul
JerryRigEverything,UCWFKCr40YwOZQx8FHU_ZqqQ,Y9q75LV6uz0,Is the Xiaomi Mi 11 Pretending? - Durability Test!,2021-02-09,1676857,78251,3268,351,5.85,15,https://i.ytimg.com/vi/Y9q75LV6uz0/hqdefault.jpg,9910000,2869035212,1515,US,2012-07-23,4.86,4.67,0.19,0.1692,1869,897.2,Medium (5–10 min),Mid 50%,2021,2,Feb
JerryRigEverything,UCWFKCr40YwOZQx8FHU_ZqqQ,CBphVkqc_OI,I've NEVER seen a projector do this! - Nebula Smart Projector Teardown!,2021-01-02,677104,30841,1251,306,5.1,13,https://i.ytimg.com/vi/CBphVkqc_OI/hqdefault.jpg,9910000,2869035212,1515,US,2012-07-23,4.74,4.55,0.18,0.0683,1907,355.1,Medium (5–10 min),Bottom 25%,2021,1,Jan
JerryRigEverything,UCWFKCr40YwOZQx8FHU_ZqqQ,6VTXnf5XMn8,Microsoft Duo Durability Test! - How Thin is too Thin?!,2020-09-18,3434876,98844,6392,570,9.5,11,https://i.ytimg.com/vi/6VTXnf5XMn8/hqdefault.jpg,9910000,2869035212,1515,US,2012-07-23,3.06,2.88,0.19,0.3466,2013,1706.3,Medium (5–10 min),Top 25%,2020,9,Sep
Unbox Therapy,UCsTcErHg8oDvUnTzoqsYeNw,8C9xvX5sTy0,Early Look at the NEW DJI 360° Drone 👀,2026-03-24,22681,792,40,62,1.03,0,https://i.ytimg.com/vi/8C9xvX5sTy0/hqdefault.jpg,25200000,5088987835,2490,N/A,2010-12-21,3.67,3.49,0.18,0.0009,0,22681.0,Short (< 5 min),Bottom 25%,2026,3,Mar
Unbox Therapy,UCsTcErHg8oDvUnTzoqsYeNw,BY1B2T_k5Vg,Live Stream From Anywhere...,2026-03-20,507736,8233,47,87,1.45,0,https://i.ytimg.com/vi/BY1B2T_k5Vg/hqdefault.jpg,25200000,5088987835,2490,N/A,2010-12-21,1.63,1.62,0.01,0.0201,4,126934.0,Short (< 5 min),Mid 50%,2026,3,Mar
Unbox Therapy,UCsTcErHg8oDvUnTzoqsYeNw,cD31DufHQT0,Cooling isn't a problem here...,2026-03-19,376001,7345,105,90,1.5,12,https://i.ytimg.com/vi/cD31DufHQT0/hqdefault.jpg,25200000,5088987835,2490,N/A,2010-12-21,1.98,1.95,0.03,0.0149,5,75200.2,Short (< 5 min),Mid 50%,2026,3,Mar
Unbox Therapy,UCsTcErHg8oDvUnTzoqsYeNw,VBlTpNN3p4I,These Headphones Are Different...,2026-03-17,1258438,3253,215,484,8.07,12,https://i.ytimg.com/vi/VBlTpNN3p4I/hqdefault.jpg,25200000,5088987835,2490,N/A,2010-12-21,0.28,0.26,0.02,0.0499,7,179776.9,Medium (5–10 min),Top 25%,2026,3,Mar
MrMobile,UCSOpcUkE-is7u7c4AkLgqTw,4ATnadlQex4,"Oppo Find N6 Review: The ""Zero Compromise"" Foldable?",2026-03-17,242400,8914,580,878,14.63,13,https://i.ytimg.com/vi/4ATnadlQex4/hqdefault.jpg,1270000,255268815,626,US,2016-03-08,3.92,3.68,0.24,0.1909,7,34628.6,Long (10–20 min),Mid 50%,2026,3,Mar
MrMobile,UCSOpcUkE-is7u7c4AkLgqTw,d6SPfWamurY,"Samsung Galaxy S26 Ultra Review: Great Phone, No AI Needed",2026-03-07,200557,8770,644,885,14.75,8,https://i.ytimg.com/vi/d6SPfWamurY/hqdefault.jpg,1270000,255268815,626,US,2016-03-08,4.69,4.37,0.32,0.1579,17,11797.5,Long (10–20 min),Mid 50%,2026,3,Mar
MrMobile,UCSOpcUkE-is7u7c4AkLgqTw,34P8ibb9wP4,The Only $500 Android I'd Buy (For Now),2026-03-04,125498,5737,484,818,13.63,12,https://i.ytimg.com/vi/34P8ibb9wP4/hqdefault.jpg,1270000,255268815,626,US,2016-03-08,4.96,4.57,0.39,0.0988,20,6274.9,Long (10–20 min),Bottom 25%,2026,3,Mar
MrMobile,UCSOpcUkE-is7u7c4AkLgqTw,wvFyNI7PUqY,"Galaxy S26 Ultra Hands-On: ""S"" Is For Secret",2026-02-26,181533,7790,881,613,10.22,9,https://i.ytimg.com/vi/wvFyNI7PUqY/hqdefault.jpg,1270000,255268815,626,US,2016-03-08,4.78,4.29,0.49,0.1429,26,6982.0,Long (10–20 min),Bottom 25%,2026,2,Feb
MrMobile,UCSOpcUkE-is7u7c4AkLgqTw,yPGhKPOKj3k,"Years Before the iPhone, This Flip Phone Ran Windows",2026-02-23,113758,6621,464,988,16.47,10,https://i.ytimg.com/vi/yPGhKPOKj3k/hqdefault.jpg,1270000,255268815,626,US,2016-03-08,6.23,5.82,0.41,0.0896,29,3922.7,Long (10–20 min),Bottom 25%,2026,2,Feb
MrMobile,UCSOpcUkE-is7u7c4AkLgqTw,0vguAdTZqWk,Pushing Samsung's Galaxy TriFold To The Limit,2026-02-11,191823,8036,587,833,13.88,9,https://i.ytimg.com/vi/0vguAdTZqWk/hqdefault.jpg,1270000,255268815,626,US,2016-03-08,4.5,4.19,0.31,0.151,41,4678.6,Long (10–20 min),Mid 50%,2026,2,Feb
MrMobile,UCSOpcUkE-is7u7c4AkLgqTw,b6cTcdQJ2zQ,Dual Displays Done Right: ASUS Zenbook Pro Duo 2026 Review,2026-02-01,185460,4693,301,696,11.6,7,https://i.ytimg.com/vi/b6cTcdQJ2zQ/hqdefault.jpg,1270000,255268815,626,US,2016-03-08,2.69,2.53,0.16,0.146,51,3636.5,Long (10–20 min),Bottom 25%,2026,2,Feb
MrMobile,UCSOpcUkE-is7u7c4AkLgqTw,iWi1grPS3pA,A Laptop In Your Pocket? Galaxy Z TriFold Review,2026-01-24,322512,12035,942,959,15.98,10,https://i.ytimg.com/vi/iWi1grPS3pA/hqdefault.jpg,1270000,255268815,626,US,2016-03-08,4.02,3.73,0.29,0.2539,59,5466.3,Long (10–20 min),Top 25%,2026,1,Jan
MrMobile,UCSOpcUkE-is7u7c4AkLgqTw,O2e1ccaS34s,The Gadgets Are Back: The Best Of CES 2026!,2026-01-16,269502,10422,665,1104,18.4,13,https://i.ytimg.com/vi/O2e1ccaS34s/hqdefault.jpg,1270000,255268815,626,US,2016-03-08,4.11,3.87,0.25,0.2122,67,4022.4,Long (10–20 min),Mid 50%,2026,1,Jan
MrMobile,UCSOpcUkE-is7u7c4AkLgqTw,u7Uz1YZ5hQA,Buttons For Everyone! Clicks Power Keyboard – First Look,2026-01-02,341409,18179,2518,428,7.13,0,https://i.ytimg.com/vi/u7Uz1YZ5hQA/hqdefault.jpg,1270000,255268815,626,US,2016-03-08,6.06,5.32,0.74,0.2688,81,4214.9,Medium (5–10 min),Top 25%,2026,1,Jan
MrMobile,UCSOpcUkE-is7u7c4AkLgqTw,g9PNmvdHTrA,"Galaxy Z TriFold First Look: The ""Pocket PC"" Redefined",2025-12-18,257105,11431,736,612,10.2,10,https://i.ytimg.com/vi/g9PNmvdHTrA/hqdefault.jpg,1270000,255268815,626,US,2016-03-08,4.73,4.45,0.29,0.2024,96,2678.2,Long (10–20 min),Mid 50%,2025,12,Dec
MrMobile,UCSOpcUkE-is7u7c4AkLgqTw,nGy-c40t2ms,Kindle Scribe Colorsoft Review: Amazon's E-Ink Magnum Opus,2025-12-13,134566,4923,305,720,12.0,7,https://i.ytimg.com/vi/nGy-c40t2ms/hqdefault.jpg,1270000,255268815,626,US,2016-03-08,3.89,3.66,0.23,0.106,101,1332.3,Long (10–20 min),Bottom 25%,2025,12,Dec
MrMobile,UCSOpcUkE-is7u7c4AkLgqTw,iRswzm-sFsE,The Best Tech I Missed In 2025: The Leftovers,2025-12-06,180176,7694,248,951,15.85,6,https://i.ytimg.com/vi/iRswzm-sFsE/hqdefault.jpg,1270000,255268815,626,US,2016-03-08,4.41,4.27,0.14,0.1419,108,1668.3,Long (10–20 min),Bottom 25%,2025,12,Dec
MrMobile,UCSOpcUkE-is7u7c4AkLgqTw,HiDu9ngFljA,Fairphone 6 Review: The Ethical Smartphone,2025-11-25,158600,7653,524,696,11.6,5,https://i.ytimg.com/vi/HiDu9ngFljA/hqdefault.jpg,1270000,255268815,626,US,2016-03-08,5.16,4.83,0.33,0.1249,119,1332.8,Long (10–20 min),Bottom 25%,2025,11,Nov
MrMobile,UCSOpcUkE-is7u7c4AkLgqTw,7HzmabyYgKE,OnePlus 15 Review: Hard To Kill,2025-11-15,250770,9974,837,787,13.12,6,https://i.ytimg.com/vi/7HzmabyYgKE/hqdefault.jpg,1270000,255268815,626,US,2016-03-08,4.31,3.98,0.33,0.1975,129,1944.0,Long (10–20 min),Mid 50%,2025,11,Nov
MrMobile,UCSOpcUkE-is7u7c4AkLgqTw,vlpKMWHJbFQ,The 100-Mile Smart Watch Review: Pixel Watch 4 & Apple Watch Ultra 3,2025-11-05,111843,8727,849,2321,38.68,11,https://i.ytimg.com/vi/vlpKMWHJbFQ/hqdefault.jpg,1270000,255268815,626,US,2016-03-08,8.56,7.8,0.76,0.0881,139,804.6,Deep Dive (20+ min),Bottom 25%,2025,11,Nov
MrMobile,UCSOpcUkE-is7u7c4AkLgqTw,VvANcDa7fJ8,"When Phones Were Fun: HTC Status, 2011",2025-10-16,202275,10341,840,800,13.33,9,https://i.ytimg.com/vi/VvANcDa7fJ8/hqdefault.jpg,1270000,255268815,626,US,2016-03-08,5.53,5.11,0.42,0.1593,159,1272.2,Long (10–20 min),Mid 50%,2025,10,Oct
MrMobile,UCSOpcUkE-is7u7c4AkLgqTw,4yk6HmYKXxs,Google Pixel 10 Pro Fold Review: Pixel Imperfect,2025-10-08,227553,8931,602,779,12.98,8,https://i.ytimg.com/vi/4yk6HmYKXxs/hqdefault.jpg,1270000,255268815,626,US,2016-03-08,4.19,3.92,0.26,0.1792,167,1362.6,Long (10–20 min),Mid 50%,2025,10,Oct
MrMobile,UCSOpcUkE-is7u7c4AkLgqTw,0bWl9pZdNNA,iPhone 17 Pro Max Review: Against The Grain,2025-10-03,335370,10624,573,820,13.67,6,https://i.ytimg.com/vi/0bWl9pZdNNA/hqdefault.jpg,1270000,255268815,626,US,2016-03-08,3.34,3.17,0.17,0.2641,172,1949.8,Long (10–20 min),Top 25%,2025,10,Oct
MrMobile,UCSOpcUkE-is7u7c4AkLgqTw,55x-wf8o-7c,iPhone Air Review: Pushing The Envelope,2025-09-20,261759,11357,741,725,12.08,4,https://i.ytimg.com/vi/55x-wf8o-7c/hqdefault.jpg,1270000,255268815,626,US,2016-03-08,4.62,4.34,0.28,0.2061,185,1414.9,Long (10–20 min),Mid 50%,2025,9,Sep
MrMobile,UCSOpcUkE-is7u7c4AkLgqTw,6FlDINylswA,The New iPhones Aren't What I Expected,2025-09-12,287864,13147,1355,667,11.12,11,https://i.ytimg.com/vi/6FlDINylswA/hqdefault.jpg,1270000,255268815,626,US,2016-03-08,5.04,4.57,0.47,0.2267,193,1491.5,Long (10–20 min),Mid 50%,2025,9,Sep
MrMobile,UCSOpcUkE-is7u7c4AkLgqTw,QJx4LDk2O-8,"Pixel 10 Review: Redefining The ""Smart Phone""",2025-09-08,185555,8213,523,761,12.68,10,https://i.ytimg.com/vi/QJx4LDk2O-8/hqdefault.jpg,1270000,255268815,626,US,2016-03-08,4.71,4.43,0.28,0.1461,197,941.9,Long (10–20 min),Mid 50%,2025,9,Sep
MrMobile,UCSOpcUkE-is7u7c4AkLgqTw,0CrkpkKxWfo,Honor Magic V5 Review: A Worthy Fold 7 Foe,2025-08-28,156949,6468,459,888,14.8,7,https://i.ytimg.com/vi/0CrkpkKxWfo/hqdefault.jpg,1270000,255268815,626,US,2016-03-08,4.41,4.12,0.29,0.1236,208,754.6,Long (10–20 min),Bottom 25%,2025,8,Aug
MrMobile,UCSOpcUkE-is7u7c4AkLgqTw,hqmvWpgJCx0,The Pixel 10 Sets A New Bar For Android (and Google!),2025-08-20,318245,12258,988,557,9.28,11,https://i.ytimg.com/vi/hqmvWpgJCx0/hqdefault.jpg,1270000,255268815,626,US,2016-03-08,4.16,3.85,0.31,0.2506,216,1473.4,Medium (5–10 min),Top 25%,2025,8,Aug
MrMobile,UCSOpcUkE-is7u7c4AkLgqTw,Ax792f2RbIY,TRMNL Gives Me Hope For Home Tech,2025-08-10,121434,5262,269,655,10.92,11,https://i.ytimg.com/vi/Ax792f2RbIY/hqdefault.jpg,1270000,255268815,626,US,2016-03-08,4.55,4.33,0.22,0.0956,226,537.3,Long (10–20 min),Bottom 25%,2025,8,Aug
MrMobile,UCSOpcUkE-is7u7c4AkLgqTw,APT6FONMqFQ,Galaxy Watch 8 Classic Review: One Day At A Time,2025-07-31,272479,7378,700,602,10.03,8,https://i.ytimg.com/vi/APT6FONMqFQ/hqdefault.jpg,1270000,255268815,626,US,2016-03-08,2.96,2.71,0.26,0.2146,236,1154.6,Long (10–20 min),Mid 50%,2025,7,Jul
MrMobile,UCSOpcUkE-is7u7c4AkLgqTw,jTzjkaEKZo8,Samsung Galaxy Z Fold 7 Review: It's Never Too Late To Start Trying,2025-07-27,620097,15918,1247,782,13.03,10,https://i.ytimg.com/vi/jTzjkaEKZo8/hqdefault.jpg,1270000,255268815,626,US,2016-03-08,2.77,2.57,0.2,0.4883,240,2583.7,Long (10–20 min),Top 25%,2025,7,Jul
MrMobile,UCSOpcUkE-is7u7c4AkLgqTw,1WLIY7oObvU,Samsung Galaxy Z Flip 7 Review: Make or Break,2025-07-17,371822,12258,855,874,14.57,9,https://i.ytimg.com/vi/1WLIY7oObvU/hqdefault.jpg,1270000,255268815,626,US,2016-03-08,3.53,3.3,0.23,0.2928,250,1487.3,Long (10–20 min),Top 25%,2025,7,Jul
MrMobile,UCSOpcUkE-is7u7c4AkLgqTw,YGTkjchlVJk,Motorola Razr 2025 Review: Bon Marché,2025-06-23,219454,6844,401,698,11.63,9,https://i.ytimg.com/vi/YGTkjchlVJk/hqdefault.jpg,1270000,255268815,626,US,2016-03-08,3.3,3.12,0.18,0.1728,274,800.9,Long (10–20 min),Mid 50%,2025,6,Jun
MrMobile,UCSOpcUkE-is7u7c4AkLgqTw,lhRp_QECX9g,Samsung Galaxy S25 Edge Review: Lightweight,2025-05-24,334126,10038,901,681,11.35,8,https://i.ytimg.com/vi/lhRp_QECX9g/hqdefault.jpg,1270000,255268815,626,US,2016-03-08,3.27,3.0,0.27,0.2631,304,1099.1,Long (10–20 min),Top 25%,2025,5,May
MrMobile,UCSOpcUkE-is7u7c4AkLgqTw,eo9_K98nypE,Motorola Razr Ultra Review: The Best Flip Phone (Isn't Perfect),2025-05-18,351119,10343,747,765,12.75,9,https://i.ytimg.com/vi/eo9_K98nypE/hqdefault.jpg,1270000,255268815,626,US,2016-03-08,3.16,2.95,0.21,0.2765,310,1132.6,Long (10–20 min),Top 25%,2025,5,May
MrMobile,UCSOpcUkE-is7u7c4AkLgqTw,atYcpCoghnc,The “Diet” Smartphone: Minimal Phone Review,2025-05-09,235954,7584,694,722,12.03,11,https://i.ytimg.com/vi/atYcpCoghnc/hqdefault.jpg,1270000,255268815,626,US,2016-03-08,3.51,3.21,0.29,0.1858,319,739.7,Long (10–20 min),Mid 50%,2025,5,May
MrMobile,UCSOpcUkE-is7u7c4AkLgqTw,WdxJtYWAhjc,Behind The Scenes At A 2025 Smartphone Launch,2025-04-27,79430,4897,337,892,14.87,6,https://i.ytimg.com/vi/WdxJtYWAhjc/hqdefault.jpg,1270000,255268815,626,US,2016-03-08,6.59,6.17,0.42,0.0625,331,240.0,Long (10–20 min),Bottom 25%,2025,4,Apr
MrMobile,UCSOpcUkE-is7u7c4AkLgqTw,WczhEQj_g3A,"""A Tonic For The Mundane"" – Nothing Phone 3a Pro Review",2025-04-17,200933,7774,395,703,11.72,6,https://i.ytimg.com/vi/WczhEQj_g3A/hqdefault.jpg,1270000,255268815,626,US,2016-03-08,4.07,3.87,0.2,0.1582,341,589.2,Long (10–20 min),Mid 50%,2025,4,Apr
MrMobile,UCSOpcUkE-is7u7c4AkLgqTw,oN784HF4U5Y,Oppo Find N5 Review: Canary In The Coal Mine,2025-03-29,229439,8582,704,705,11.75,10,https://i.ytimg.com/vi/oN784HF4U5Y/hqdefault.jpg,1270000,255268815,626,US,2016-03-08,4.05,3.74,0.31,0.1807,360,637.3,Long (10–20 min),Mid 50%,2025,3,Mar
MrMobile,UCSOpcUkE-is7u7c4AkLgqTw,HLmZAlE-064,Vortex V3: A $40 Clone Of A 20-Year-Old Phone – With Android!,2025-03-14,230578,9585,690,848,14.13,13,https://i.ytimg.com/vi/HLmZAlE-064/hqdefault.jpg,1270000,255268815,626,US,2016-03-08,4.46,4.16,0.3,0.1816,375,614.9,Long (10–20 min),Mid 50%,2025,3,Mar
MrMobile,UCSOpcUkE-is7u7c4AkLgqTw,HzxAeHQyiks,OnePlus Watch 3 Review: The Best Android Smartwatch?,2025-03-06,314069,8268,498,653,10.88,6,https://i.ytimg.com/vi/HzxAeHQyiks/hqdefault.jpg,1270000,255268815,626,US,2016-03-08,2.79,2.63,0.16,0.2473,383,820.0,Long (10–20 min),Top 25%,2025,3,Mar
MrMobile,UCSOpcUkE-is7u7c4AkLgqTw,yZ5KOG8BAVU,iPhone 16e Review: A Phone That (e)xists,2025-03-03,254936,9748,806,586,9.77,6,https://i.ytimg.com/vi/yZ5KOG8BAVU/hqdefault.jpg,1270000,255268815,626,US,2016-03-08,4.14,3.82,0.32,0.2007,386,660.5,Medium (5–10 min),Mid 50%,2025,3,Mar
MrMobile,UCSOpcUkE-is7u7c4AkLgqTw,HoSf21Arj8A,The Clicks Keyboard Comes To Android!,2025-02-25,619544,27208,5031,899,14.98,9,https://i.ytimg.com/vi/HoSf21Arj8A/hqdefault.jpg,1270000,255268815,626,US,2016-03-08,5.2,4.39,0.81,0.4878,392,1580.5,Long (10–20 min),Top 25%,2025,2,Feb
MrMobile,UCSOpcUkE-is7u7c4AkLgqTw,Lc5_OKMgfQw,Even Realities G1: The Pebble of Smart Glasses,2025-02-07,191656,7817,426,699,11.65,6,https://i.ytimg.com/vi/Lc5_OKMgfQw/hqdefault.jpg,1270000,255268815,626,US,2016-03-08,4.3,4.08,0.22,0.1509,410,467.5,Long (10–20 min),Mid 50%,2025,2,Feb
MrMobile,UCSOpcUkE-is7u7c4AkLgqTw,s8sYp-AcwKk,The Fight For Your Face: Smart Glasses (and More!) at CES 2025,2025-01-18,186802,7185,362,1011,16.85,12,https://i.ytimg.com/vi/s8sYp-AcwKk/hqdefault.jpg,1270000,255268815,626,US,2016-03-08,4.04,3.85,0.19,0.1471,430,434.4,Long (10–20 min),Mid 50%,2025,1,Jan
MrMobile,UCSOpcUkE-is7u7c4AkLgqTw,bDJNd8XWJIU,OnePlus 13 Review: Ship Shape?,2025-01-07,218489,10155,515,820,13.67,6,https://i.ytimg.com/vi/bDJNd8XWJIU/hqdefault.jpg,1270000,255268815,626,US,2016-03-08,4.88,4.65,0.24,0.172,441,495.4,Long (10–20 min),Mid 50%,2025,1,Jan
MrMobile,UCSOpcUkE-is7u7c4AkLgqTw,vjrknR9r15o,The Tech That Takes Me: MrMobile's Travel Gear 2024,2024-12-29,227528,10627,508,1144,19.07,13,https://i.ytimg.com/vi/vjrknR9r15o/hqdefault.jpg,1270000,255268815,626,US,2016-03-08,4.89,4.67,0.22,0.1792,450,505.6,Long (10–20 min),Mid 50%,2024,12,Dec
MrMobile,UCSOpcUkE-is7u7c4AkLgqTw,_p4RbXLW8aY,I Made My Phones Fun Again,2024-12-08,342148,16564,875,746,12.43,14,https://i.ytimg.com/vi/_p4RbXLW8aY/hqdefault.jpg,1270000,255268815,626,US,2016-03-08,5.1,4.84,0.26,0.2694,471,726.4,Long (10–20 min),Top 25%,2024,12,Dec
MrMobile,UCSOpcUkE-is7u7c4AkLgqTw,wqfVfS0_J9M,Honor Magic V3: Hard Enough for Hawaii (With the Same Old Soft Spot),2024-10-28,130063,5645,318,854,14.23,8,https://i.ytimg.com/vi/wqfVfS0_J9M/hqdefault.jpg,1270000,255268815,626,US,2016-03-08,4.58,4.34,0.24,0.1024,512,254.0,Long (10–20 min),Bottom 25%,2024,10,Oct
MrMobile,UCSOpcUkE-is7u7c4AkLgqTw,905tTzUrd-U,Pixel Watch 3 Review: Time To Grow Up,2024-10-10,260404,8775,381,733,12.22,4,https://i.ytimg.com/vi/905tTzUrd-U/hqdefault.jpg,1270000,255268815,626,US,2016-03-08,3.52,3.37,0.15,0.205,530,491.3,Long (10–20 min),Mid 50%,2024,10,Oct
MrMobile,UCSOpcUkE-is7u7c4AkLgqTw,PMSkzMSFfAo,iPhone 16 Review: Pro In Disguise,2024-10-03,299933,10499,837,780,13.0,9,https://i.ytimg.com/vi/PMSkzMSFfAo/hqdefault.jpg,1270000,255268815,626,US,2016-03-08,3.78,3.5,0.28,0.2362,537,558.5,Long (10–20 min),Top 25%,2024,10,Oct
MrMobile,UCSOpcUkE-is7u7c4AkLgqTw,QQk7KKQ8jTo,Don't Call It A Button: iPhone 16 First Look!,2024-09-12,162763,8106,858,996,16.6,13,https://i.ytimg.com/vi/QQk7KKQ8jTo/hqdefault.jpg,1270000,255268815,626,US,2016-03-08,5.51,4.98,0.53,0.1282,558,291.7,Long (10–20 min),Bottom 25%,2024,9,Sep
MrMobile,UCSOpcUkE-is7u7c4AkLgqTw,gVcOnLxnsu0,Google Pixel 9 Pro Fold Review: The End of the Beginning,2024-09-07,397191,14145,896,670,11.17,7,https://i.ytimg.com/vi/gVcOnLxnsu0/hqdefault.jpg,1270000,255268815,626,US,2016-03-08,3.79,3.56,0.23,0.3127,563,705.5,Long (10–20 min),Top 25%,2024,9,Sep
MrMobile,UCSOpcUkE-is7u7c4AkLgqTw,P4W6xTiT-LI,Xiaomi Mix Flip Review: Mixing Up The Foldable World,2024-08-22,221295,9329,347,598,9.97,5,https://i.ytimg.com/vi/P4W6xTiT-LI/hqdefault.jpg,1270000,255268815,626,US,2016-03-08,4.37,4.22,0.16,0.1742,579,382.2,Medium (5–10 min),Mid 50%,2024,8,Aug
Arun Maini,UCddiUEpeqJcYeBxX1IVBKvQ,CNJY0ABzFbA,Flip vs. Foldable phones #Vergecast,2026-03-24,5660,250,11,102,1.7,7,https://i.ytimg.com/vi/CNJY0ABzFbA/hqdefault.jpg,3490000,1126301670,5959,US,2006-08-08,4.61,4.42,0.19,0.0016,0,5660.0,Short (< 5 min),Bottom 25%,2026,3,Mar
Arun Maini,UCddiUEpeqJcYeBxX1IVBKvQ,EXIipf1UGHw,Google replaced our news headlines,2026-03-24,8578,590,25,81,1.35,7,https://i.ytimg.com/vi/EXIipf1UGHw/hqdefault.jpg,3490000,1126301670,5959,US,2006-08-08,7.17,6.88,0.29,0.0025,0,8578.0,Short (< 5 min),Bottom 25%,2026,3,Mar
Arun Maini,UCddiUEpeqJcYeBxX1IVBKvQ,nROMXNuAAwA,"Welp, I bought an iPhone again | The Vergecast",2026-03-24,9789,311,65,3609,60.15,0,https://i.ytimg.com/vi/nROMXNuAAwA/hqdefault.jpg,3490000,1126301670,5959,US,2006-08-08,3.84,3.18,0.66,0.0028,0,9789.0,Deep Dive (20+ min),Mid 50%,2026,3,Mar
Arun Maini,UCddiUEpeqJcYeBxX1IVBKvQ,eiZ2m0A_h38,Full episode on @VersionHistoryPodcast,2026-03-22,10623,221,3,70,1.17,7,https://i.ytimg.com/vi/eiZ2m0A_h38/hqdefault.jpg,3490000,1126301670,5959,US,2006-08-08,2.11,2.08,0.03,0.003,2,5311.5,Short (< 5 min),Mid 50%,2026,3,Mar
Arun Maini,UCddiUEpeqJcYeBxX1IVBKvQ,2jFelIhfJ9Q,Adobe's new Rotate Object on Photoshop,2026-03-21,13767,370,14,161,2.68,7,https://i.ytimg.com/vi/2jFelIhfJ9Q/hqdefault.jpg,3490000,1126301670,5959,US,2006-08-08,2.79,2.69,0.1,0.0039,3,4589.0,Short (< 5 min),Top 25%,2026,3,Mar
Arun Maini,UCddiUEpeqJcYeBxX1IVBKvQ,ZHN5i8BdcbQ,RIP Trifold | The Vergecast,2026-03-20,25705,524,132,6384,106.4,0,https://i.ytimg.com/vi/ZHN5i8BdcbQ/hqdefault.jpg,3490000,1126301670,5959,US,2006-08-08,2.55,2.04,0.51,0.0074,4,6426.2,Deep Dive (20+ min),Top 25%,2026,3,Mar
TechLinked,UCeeFfhMcJa1kjtfZAGskOCA,y7BI1RNDjIs,Intel Ain't Playin' Anymore.,2026-03-24,205275,11543,410,481,8.02,27,https://i.ytimg.com/vi/y7BI1RNDjIs/hqdefault.jpg,1990000,650213921,1281,CA,2018-05-03,5.82,5.62,0.2,0.1032,0,205275.0,Medium (5–10 min),Bottom 25%,2026,3,Mar
TechLinked,UCeeFfhMcJa1kjtfZAGskOCA,eMKsn_OlC1w,"Thanks Google, Much Better",2026-03-21,271793,15210,774,672,11.2,18,https://i.ytimg.com/vi/eMKsn_OlC1w/hqdefault.jpg,1990000,650213921,1281,CA,2018-05-03,5.88,5.6,0.28,0.1366,3,90597.7,Long (10–20 min),Bottom 25%,2026,3,Mar
TechLinked,UCeeFfhMcJa1kjtfZAGskOCA,G332-qMENpA,Everyone's Wrong About DLSS 5,2026-03-19,324939,17040,1177,583,9.72,25,https://i.ytimg.com/vi/G332-qMENpA/hqdefault.jpg,1990000,650213921,1281,CA,2018-05-03,5.61,5.24,0.36,0.1633,5,64987.8,Medium (5–10 min),Bottom 25%,2026,3,Mar
TechLinked,UCeeFfhMcJa1kjtfZAGskOCA,zbuyfxaAg3U,It's Over. Nvidia Won.,2026-03-07,341470,18065,1236,569,9.48,27,https://i.ytimg.com/vi/zbuyfxaAg3U/hqdefault.jpg,1990000,650213921,1281,CA,2018-05-03,5.65,5.29,0.36,0.1716,17,20086.5,Medium (5–10 min),Bottom 25%,2026,3,Mar
TechLinked,UCeeFfhMcJa1kjtfZAGskOCA,sXFlsYxh4Hg,There’s Hope for Firefox,2026-02-03,337299,18704,1291,586,9.77,25,https://i.ytimg.com/vi/sXFlsYxh4Hg/hqdefault.jpg,1990000,650213921,1281,CA,2018-05-03,5.93,5.55,0.38,0.1695,49,6883.7,Medium (5–10 min),Bottom 25%,2026,2,Feb
TechLinked,UCeeFfhMcJa1kjtfZAGskOCA,Guoak9N5lAo,Why Won't Windows Shut Down??,2026-01-20,349758,17813,1431,516,8.6,32,https://i.ytimg.com/vi/Guoak9N5lAo/hqdefault.jpg,1990000,650213921,1281,CA,2018-05-03,5.5,5.09,0.41,0.1758,63,5551.7,Medium (5–10 min),Mid 50%,2026,1,Jan
TechLinked,UCeeFfhMcJa1kjtfZAGskOCA,Teq5jrLAb_M,AMD Dethroned ITSELF,2026-01-07,274813,12927,528,529,8.82,25,https://i.ytimg.com/vi/Teq5jrLAb_M/hqdefault.jpg,1990000,650213921,1281,CA,2018-05-03,4.9,4.7,0.19,0.1381,76,3616.0,Medium (5–10 min),Bottom 25%,2026,1,Jan
TechLinked,UCeeFfhMcJa1kjtfZAGskOCA,MPBVyqdBgLM,FIREFOX WAIT NO DON'T DO IT NOOOOOOOOOOOOOOOOOOOOOOOOOOOOOOO,2025-12-18,443672,24870,2028,593,9.88,27,https://i.ytimg.com/vi/MPBVyqdBgLM/hqdefault.jpg,1990000,650213921,1281,CA,2018-05-03,6.06,5.61,0.46,0.223,96,4621.6,Medium (5–10 min),Mid 50%,2025,12,Dec
TechLinked,UCeeFfhMcJa1kjtfZAGskOCA,QB3vgggjI6M,Leave Steam ALONE,2025-11-29,348867,20843,1308,552,9.2,25,https://i.ytimg.com/vi/QB3vgggjI6M/hqdefault.jpg,1990000,650213921,1281,CA,2018-05-03,6.35,5.97,0.37,0.1753,115,3033.6,Medium (5–10 min),Bottom 25%,2025,11,Nov
TechLinked,UCeeFfhMcJa1kjtfZAGskOCA,neJAMFR4I-Y,Google Just Gave Up,2025-11-06,453632,19229,767,571,9.52,23,https://i.ytimg.com/vi/neJAMFR4I-Y/hqdefault.jpg,1990000,650213921,1281,CA,2018-05-03,4.41,4.24,0.17,0.228,138,3287.2,Medium (5–10 min),Mid 50%,2025,11,Nov
TechLinked,UCeeFfhMcJa1kjtfZAGskOCA,U4Ic4gnvtck,Steam is Popping OFF Right Now,2025-10-18,516377,21141,1106,462,7.7,26,https://i.ytimg.com/vi/U4Ic4gnvtck/hqdefault.jpg,1990000,650213921,1281,CA,2018-05-03,4.31,4.09,0.21,0.2595,157,3289.0,Medium (5–10 min),Mid 50%,2025,10,Oct
TechLinked,UCeeFfhMcJa1kjtfZAGskOCA,ROzIgo-R-5k,We Are So Cooked,2025-10-04,318784,16272,454,525,8.75,26,https://i.ytimg.com/vi/ROzIgo-R-5k/hqdefault.jpg,1990000,650213921,1281,CA,2018-05-03,5.25,5.1,0.14,0.1602,171,1864.2,Medium (5–10 min),Bottom 25%,2025,10,Oct
TechLinked,UCeeFfhMcJa1kjtfZAGskOCA,XeyujqR1z08,Microsoft is Deleting Itself,2025-09-23,448038,23782,643,525,8.75,23,https://i.ytimg.com/vi/XeyujqR1z08/hqdefault.jpg,1990000,650213921,1281,CA,2018-05-03,5.45,5.31,0.14,0.2251,182,2461.7,Medium (5–10 min),Mid 50%,2025,9,Sep
TechLinked,UCeeFfhMcJa1kjtfZAGskOCA,IoeGLjCbU9k,I NEED This CPU...,2025-09-20,344843,17872,603,478,7.97,31,https://i.ytimg.com/vi/IoeGLjCbU9k/hqdefault.jpg,1990000,650213921,1281,CA,2018-05-03,5.36,5.18,0.17,0.1733,185,1864.0,Medium (5–10 min),Bottom 25%,2025,9,Sep
TechLinked,UCeeFfhMcJa1kjtfZAGskOCA,qCVNt7u_5WI,Firefox Just Almost DIED,2025-09-04,355076,23352,1062,496,8.27,23,https://i.ytimg.com/vi/qCVNt7u_5WI/hqdefault.jpg,1990000,650213921,1281,CA,2018-05-03,6.88,6.58,0.3,0.1784,201,1766.5,Medium (5–10 min),Mid 50%,2025,9,Sep
TechLinked,UCeeFfhMcJa1kjtfZAGskOCA,ck21Nv3Yjg4,I Never Thought I'd See This...,2025-08-28,319001,22677,3195,525,8.75,22,https://i.ytimg.com/vi/ck21Nv3Yjg4/hqdefault.jpg,1990000,650213921,1281,CA,2018-05-03,8.11,7.11,1.0,0.1603,208,1533.7,Medium (5–10 min),Bottom 25%,2025,8,Aug
TechLinked,UCeeFfhMcJa1kjtfZAGskOCA,uGJHzPHOFXM,You're Gonna See More of This.,2025-07-26,480129,22254,1863,513,8.55,20,https://i.ytimg.com/vi/uGJHzPHOFXM/hqdefault.jpg,1990000,650213921,1281,CA,2018-05-03,5.02,4.64,0.39,0.2413,241,1992.2,Medium (5–10 min),Mid 50%,2025,7,Jul
TechLinked,UCeeFfhMcJa1kjtfZAGskOCA,HZiBxVkmIJ0,Microsoft Patched It. It Didn’t Work.,2025-07-22,572904,24375,841,514,8.57,30,https://i.ytimg.com/vi/HZiBxVkmIJ0/hqdefault.jpg,1990000,650213921,1281,CA,2018-05-03,4.4,4.25,0.15,0.2879,245,2338.4,Medium (5–10 min),Mid 50%,2025,7,Jul
TechLinked,UCeeFfhMcJa1kjtfZAGskOCA,tU0KLtyK8LY,"Intel: ""Ya, we're cooked""",2025-07-12,541145,23284,962,560,9.33,25,https://i.ytimg.com/vi/tU0KLtyK8LY/hqdefault.jpg,1990000,650213921,1281,CA,2018-05-03,4.48,4.3,0.18,0.2719,255,2122.1,Medium (5–10 min),Mid 50%,2025,7,Jul
TechLinked,UCeeFfhMcJa1kjtfZAGskOCA,o29rYJlC0t4,Fortnite OWES Gamers 126 Million Dollars!,2025-06-28,209430,12259,480,395,6.58,9,https://i.ytimg.com/vi/o29rYJlC0t4/hqdefault.jpg,1990000,650213921,1281,CA,2018-05-03,6.08,5.85,0.23,0.1052,269,778.6,Medium (5–10 min),Bottom 25%,2025,6,Jun
TechLinked,UCeeFfhMcJa1kjtfZAGskOCA,CezMTD7cYwM,Tesla’s Robotaxi Sorta Kinda Launches,2025-06-24,268031,13124,571,370,6.17,27,https://i.ytimg.com/vi/CezMTD7cYwM/hqdefault.jpg,1990000,650213921,1281,CA,2018-05-03,5.11,4.9,0.21,0.1347,273,981.8,Medium (5–10 min),Bottom 25%,2025,6,Jun
TechLinked,UCeeFfhMcJa1kjtfZAGskOCA,LpjUKQNTLlE,Xbox Is So Cooked,2025-05-31,429956,19195,971,557,9.28,34,https://i.ytimg.com/vi/LpjUKQNTLlE/hqdefault.jpg,1990000,650213921,1281,CA,2018-05-03,4.69,4.46,0.23,0.2161,297,1447.7,Medium (5–10 min),Mid 50%,2025,5,May
TechLinked,UCeeFfhMcJa1kjtfZAGskOCA,ZbbHUvRCrBg,Apple is Getting Trolled,2025-05-17,391217,19502,632,543,9.05,7,https://i.ytimg.com/vi/ZbbHUvRCrBg/hqdefault.jpg,1990000,650213921,1281,CA,2018-05-03,5.15,4.98,0.16,0.1966,311,1257.9,Medium (5–10 min),Mid 50%,2025,5,May
TechLinked,UCeeFfhMcJa1kjtfZAGskOCA,BKLDHMka3zg,"Goodbye, Skype :(",2025-05-06,415290,20205,737,471,7.85,20,https://i.ytimg.com/vi/BKLDHMka3zg/hqdefault.jpg,1990000,650213921,1281,CA,2018-05-03,5.04,4.87,0.18,0.2087,322,1289.7,Medium (5–10 min),Mid 50%,2025,5,May
TechLinked,UCeeFfhMcJa1kjtfZAGskOCA,JhGUEYZe8XI,"YouTube, This Ain’t Gonna Work.",2025-05-01,626546,30489,1509,586,9.77,23,https://i.ytimg.com/vi/JhGUEYZe8XI/hqdefault.jpg,1990000,650213921,1281,CA,2018-05-03,5.11,4.87,0.24,0.3148,327,1916.0,Medium (5–10 min),Top 25%,2025,5,May
TechLinked,UCeeFfhMcJa1kjtfZAGskOCA,BIGAReB9Eug,This Changes Everything.,2025-04-03,505682,23786,1776,577,9.62,32,https://i.ytimg.com/vi/BIGAReB9Eug/hqdefault.jpg,1990000,650213921,1281,CA,2018-05-03,5.05,4.7,0.35,0.2541,355,1424.5,Medium (5–10 min),Mid 50%,2025,4,Apr
TechLinked,UCeeFfhMcJa1kjtfZAGskOCA,6PwHtR4EEqI,It's Got a 'Wii U' Mode...,2025-03-29,532022,20705,1017,486,8.1,23,https://i.ytimg.com/vi/6PwHtR4EEqI/hqdefault.jpg,1990000,650213921,1281,CA,2018-05-03,4.08,3.89,0.19,0.2673,360,1477.8,Medium (5–10 min),Mid 50%,2025,3,Mar
TechLinked,UCeeFfhMcJa1kjtfZAGskOCA,nrCVnn2Zfxw,If you used this you’re screwed,2025-03-25,652013,26219,1337,462,7.7,17,https://i.ytimg.com/vi/nrCVnn2Zfxw/hqdefault.jpg,1990000,650213921,1281,CA,2018-05-03,4.23,4.02,0.21,0.3276,364,1791.2,Medium (5–10 min),Top 25%,2025,3,Mar
TechLinked,UCeeFfhMcJa1kjtfZAGskOCA,eAxPeUsrDhk,Who Needs USB-C Anyway?,2025-03-20,698856,27762,2368,498,8.3,21,https://i.ytimg.com/vi/eAxPeUsrDhk/hqdefault.jpg,1990000,650213921,1281,CA,2018-05-03,4.31,3.97,0.34,0.3512,369,1893.9,Medium (5–10 min),Top 25%,2025,3,Mar
TechLinked,UCeeFfhMcJa1kjtfZAGskOCA,xTgFCXrDgDk,Wait. It's Real?,2025-03-11,434407,20543,688,530,8.83,30,https://i.ytimg.com/vi/xTgFCXrDgDk/hqdefault.jpg,1990000,650213921,1281,CA,2018-05-03,4.89,4.73,0.16,0.2183,378,1149.2,Medium (5–10 min),Mid 50%,2025,3,Mar
TechLinked,UCeeFfhMcJa1kjtfZAGskOCA,F4aHAfc6kXQ,The 5090 Situation Gets Even Worse,2025-02-22,504468,23132,1118,536,8.93,37,https://i.ytimg.com/vi/F4aHAfc6kXQ/hqdefault.jpg,1990000,650213921,1281,CA,2018-05-03,4.81,4.59,0.22,0.2535,395,1277.1,Medium (5–10 min),Mid 50%,2025,2,Feb
TechLinked,UCeeFfhMcJa1kjtfZAGskOCA,VnKZe5SGveA,"Nooo AMD, what?",2025-02-18,642570,28675,1978,420,7.0,36,https://i.ytimg.com/vi/VnKZe5SGveA/hqdefault.jpg,1990000,650213921,1281,CA,2018-05-03,4.77,4.46,0.31,0.3229,399,1610.5,Medium (5–10 min),Top 25%,2025,2,Feb
TechLinked,UCeeFfhMcJa1kjtfZAGskOCA,_wkvCFlI0PI,The WEIRDEST Tech at CES 2025!,2025-01-11,600179,28567,1009,570,9.5,27,https://i.ytimg.com/vi/_wkvCFlI0PI/hqdefault.jpg,1990000,650213921,1281,CA,2018-05-03,4.93,4.76,0.17,0.3016,437,1373.4,Medium (5–10 min),Top 25%,2025,1,Jan
TechLinked,UCeeFfhMcJa1kjtfZAGskOCA,UDTvUWBasYk,"What is the Cost, Nvidia?",2025-01-04,674968,26479,1819,587,9.78,25,https://i.ytimg.com/vi/UDTvUWBasYk/hqdefault.jpg,1990000,650213921,1281,CA,2018-05-03,4.19,3.92,0.27,0.3392,444,1520.2,Medium (5–10 min),Top 25%,2025,1,Jan
TechLinked,UCeeFfhMcJa1kjtfZAGskOCA,l7Cp1N41ZPw,Is This Really Happening?,2025-01-02,892034,36212,1594,467,7.78,34,https://i.ytimg.com/vi/l7Cp1N41ZPw/hqdefault.jpg,1990000,650213921,1281,CA,2018-05-03,4.24,4.06,0.18,0.4483,446,2000.1,Medium (5–10 min),Top 25%,2025,1,Jan
TechLinked,UCeeFfhMcJa1kjtfZAGskOCA,ACrDxFTsK94,Nvidia Betrayed Us All,2024-12-19,635789,25590,1216,411,6.85,25,https://i.ytimg.com/vi/ACrDxFTsK94/hqdefault.jpg,1990000,650213921,1281,CA,2018-05-03,4.22,4.02,0.19,0.3195,460,1382.2,Medium (5–10 min),Top 25%,2024,12,Dec
TechLinked,UCeeFfhMcJa1kjtfZAGskOCA,0ULG-NeigxA,Behold...the Windows-Killer,2024-12-07,695566,32958,1776,505,8.42,21,https://i.ytimg.com/vi/0ULG-NeigxA/hqdefault.jpg,1990000,650213921,1281,CA,2018-05-03,4.99,4.74,0.26,0.3495,472,1473.7,Medium (5–10 min),Top 25%,2024,12,Dec
TechLinked,UCeeFfhMcJa1kjtfZAGskOCA,3jjncXEv0ns,"Don’t Do This, Mozilla…",2024-11-07,658106,30183,1502,573,9.55,19,https://i.ytimg.com/vi/3jjncXEv0ns/hqdefault.jpg,1990000,650213921,1281,CA,2018-05-03,4.81,4.59,0.23,0.3307,502,1311.0,Medium (5–10 min),Top 25%,2024,11,Nov
TechLinked,UCeeFfhMcJa1kjtfZAGskOCA,h0wWddmkCRc,"Apple, Stop Putting Things On the Bottom Please",2024-10-31,582596,26172,1229,556,9.27,25,https://i.ytimg.com/vi/h0wWddmkCRc/hqdefault.jpg,1990000,650213921,1281,CA,2018-05-03,4.7,4.49,0.21,0.2928,509,1144.6,Medium (5–10 min),Mid 50%,2024,10,Oct
TechLinked,UCeeFfhMcJa1kjtfZAGskOCA,_HOD9QJOCEk,Intel’s Ultra-Bad Launch,2024-10-26,353863,17741,635,518,8.63,23,https://i.ytimg.com/vi/_HOD9QJOCEk/hqdefault.jpg,1990000,650213921,1281,CA,2018-05-03,5.19,5.01,0.18,0.1778,514,688.4,Medium (5–10 min),Mid 50%,2024,10,Oct
TechLinked,UCeeFfhMcJa1kjtfZAGskOCA,hYGanpWQorE,Qualcomm Could Be Cooked…,2024-10-24,465689,22935,994,603,10.05,26,https://i.ytimg.com/vi/hYGanpWQorE/hqdefault.jpg,1990000,650213921,1281,CA,2018-05-03,5.14,4.92,0.21,0.234,516,902.5,Long (10–20 min),Mid 50%,2024,10,Oct
TechLinked,UCeeFfhMcJa1kjtfZAGskOCA,cIO4QmTH9xA,This is Unprecedented,2024-10-08,703785,28537,1223,556,9.27,20,https://i.ytimg.com/vi/cIO4QmTH9xA/hqdefault.jpg,1990000,650213921,1281,CA,2018-05-03,4.23,4.05,0.17,0.3537,532,1322.9,Medium (5–10 min),Top 25%,2024,10,Oct
TechLinked,UCeeFfhMcJa1kjtfZAGskOCA,AfUE7s8BTWQ,Nvidia’s Gift to PC Gamers,2024-10-03,611543,27020,1266,544,9.07,22,https://i.ytimg.com/vi/AfUE7s8BTWQ/hqdefault.jpg,1990000,650213921,1281,CA,2018-05-03,4.63,4.42,0.21,0.3073,537,1138.8,Medium (5–10 min),Top 25%,2024,10,Oct
TechLinked,UCeeFfhMcJa1kjtfZAGskOCA,5EkPt9pZQ1g,Android Becomes iOS,2024-09-14,535844,26064,1771,435,7.25,14,https://i.ytimg.com/vi/5EkPt9pZQ1g/hqdefault.jpg,1990000,650213921,1281,CA,2018-05-03,5.19,4.86,0.33,0.2693,556,963.7,Medium (5–10 min),Mid 50%,2024,9,Sep
TechLinked,UCeeFfhMcJa1kjtfZAGskOCA,KNuQmPbCQ_I,iPhone 16 Changes The Game,2024-09-10,411197,22011,1026,658,10.97,30,https://i.ytimg.com/vi/KNuQmPbCQ_I/hqdefault.jpg,1990000,650213921,1281,CA,2018-05-03,5.6,5.35,0.25,0.2066,560,734.3,Long (10–20 min),Mid 50%,2024,9,Sep
TechLinked,UCeeFfhMcJa1kjtfZAGskOCA,0XoTXOGHniY,𝕏Tube,2024-09-05,487924,22117,1115,513,8.55,17,https://i.ytimg.com/vi/0XoTXOGHniY/hqdefault.jpg,1990000,650213921,1281,CA,2018-05-03,4.76,4.53,0.23,0.2452,565,863.6,Medium (5–10 min),Mid 50%,2024,9,Sep
TechLinked,UCeeFfhMcJa1kjtfZAGskOCA,ZU2530pU2kE,"This Ain't Good, Intel.",2024-08-03,422103,20099,796,552,9.2,28,https://i.ytimg.com/vi/ZU2530pU2kE/hqdefault.jpg,1990000,650213921,1281,CA,2018-05-03,4.95,4.76,0.19,0.2121,598,705.9,Medium (5–10 min),Mid 50%,2024,8,Aug
